time,hazard,n_censor,n_event,group
0,0,2,0,Q1
9,0,1,0,Q1
36,0,1,0,Q1
64,0,1,0,Q1
81,0,1,0,Q1
87,2.05623811244383e-05,0,1,Q1
100,4.11251850690884e-05,0,1,Q1
134,4.11251850690884e-05,1,0,Q1
160,6.16888347064178e-05,0,1,Q1
184,6.16888347064178e-05,1,0,Q1
209,6.16888347064178e-05,1,0,Q1
223,6.16888347064178e-05,1,0,Q1
227,6.16888347064178e-05,1,0,Q1
230,8.22545988795235e-05,0,1,Q1
235,8.22545988795235e-05,1,0,Q1
242,8.22545988795235e-05,1,0,Q1
277,8.22545988795235e-05,1,0,Q1
321,8.22545988795235e-05,1,0,Q1
337,8.22545988795235e-05,1,0,Q1
343,8.22545988795235e-05,1,0,Q1
345,8.22545988795235e-05,1,0,Q1
347,8.22545988795235e-05,1,0,Q1
358,8.22545988795235e-05,1,0,Q1
369,8.22545988795235e-05,1,0,Q1
405,8.22545988795235e-05,1,0,Q1
420,8.22545988795235e-05,1,0,Q1
442,8.22545988795235e-05,1,0,Q1
443,8.22545988795235e-05,1,0,Q1
458,8.22545988795235e-05,1,0,Q1
475,8.22545988795235e-05,1,0,Q1
513,8.22545988795235e-05,1,0,Q1
514,8.22545988795235e-05,1,0,Q1
522,8.22545988795235e-05,1,0,Q1
525,8.22545988795235e-05,1,0,Q1
534,8.22545988795235e-05,2,0,Q1
556,8.22545988795235e-05,1,0,Q1
559,8.22545988795235e-05,1,0,Q1
585,8.22545988795235e-05,1,0,Q1
593,8.22545988795235e-05,1,0,Q1
594,8.22545988795235e-05,1,0,Q1
604,8.22545988795235e-05,1,0,Q1
610,8.22545988795235e-05,1,0,Q1
623,8.22545988795235e-05,1,0,Q1
626,8.22545988795235e-05,1,0,Q1
629,8.22545988795235e-05,1,0,Q1
639,8.22545988795235e-05,1,0,Q1
642,8.22545988795235e-05,1,0,Q1
648,8.22545988795235e-05,1,0,Q1
660,8.22545988795235e-05,1,0,Q1
664,8.22545988795235e-05,1,0,Q1
671,8.22545988795235e-05,1,0,Q1
685,8.22545988795235e-05,1,0,Q1
687,8.22545988795235e-05,1,0,Q1
712,8.22545988795235e-05,1,0,Q1
713,8.22545988795235e-05,1,0,Q1
717,8.22545988795235e-05,1,0,Q1
725,8.22545988795235e-05,1,0,Q1
727,8.22545988795235e-05,1,0,Q1
736,8.22545988795235e-05,1,0,Q1
753,8.22545988795235e-05,1,0,Q1
761,8.22545988795235e-05,1,0,Q1
766,8.22545988795235e-05,1,0,Q1
781,8.22545988795235e-05,1,0,Q1
782,8.22545988795235e-05,1,0,Q1
787,8.22545988795235e-05,1,0,Q1
825,0.000102842803897665,0,1,Q1
839,0.000102842803897665,1,0,Q1
847,0.000102842803897665,1,0,Q1
874,0.000102842803897665,2,0,Q1
885,0.000123433128504865,0,1,Q1
892,0.000123433128504865,1,0,Q1
905,0.000123433128504865,1,0,Q1
910,0.000123433128504865,1,0,Q1
916,0.000123433128504865,1,0,Q1
917,0.000123433128504865,1,0,Q1
939,0.000123433128504865,1,0,Q1
954,0.000123433128504865,1,0,Q1
964,0.000123433128504865,1,0,Q1
972,0.000123433128504865,1,0,Q1
973,0.000123433128504865,1,0,Q1
975,0.000123433128504865,1,0,Q1
980,0.000123433128504865,1,0,Q1
992,0.000123433128504865,1,0,Q1
993,0.000123433128504865,2,0,Q1
1005,0.000123433128504865,1,0,Q1
1009,0.000123433128504865,1,0,Q1
1050,0.000123433128504865,1,0,Q1
1058,0.000123433128504865,1,0,Q1
1096,0.000123433128504865,1,0,Q1
1098,0.000123433128504865,1,0,Q1
1099,0.000123433128504865,1,0,Q1
1100,0.000123433128504865,1,0,Q1
1102,0.000123433128504865,1,0,Q1
1109,0.000123433128504865,1,0,Q1
1120,0.000123433128504865,1,0,Q1
1143,0.000123433128504865,2,0,Q1
1147,0.000144035755340486,0,1,Q1
1151,0.000144035755340486,1,0,Q1
1152,0.000144035755340486,1,0,Q1
1154,0.000144035755340486,1,0,Q1
1161,0.000144035755340486,1,0,Q1
1169,0.000144035755340486,1,0,Q1
1178,0.000144035755340486,1,0,Q1
1181,0.000144035755340486,1,0,Q1
1182,0.000144035755340486,1,0,Q1
1185,0.000144035755340486,1,0,Q1
1201,0.000144035755340486,1,0,Q1
1211,0.000144035755340486,1,0,Q1
1215,0.000144035755340486,1,0,Q1
1226,0.000144035755340486,1,0,Q1
1252,0.000144035755340486,1,0,Q1
1263,0.000144035755340486,1,0,Q1
1269,0.000144035755340486,1,0,Q1
1272,0.000144035755340486,1,0,Q1
1275,0.000144035755340486,1,0,Q1
1277,0.000144035755340486,1,0,Q1
1283,0.000144035755340486,2,0,Q1
1287,0.000144035755340486,1,0,Q1
1290,0.000144035755340486,1,0,Q1
1291,0.000144035755340486,1,0,Q1
1297,0.000144035755340486,1,0,Q1
1327,0.000144035755340486,2,0,Q1
1330,0.000144035755340486,1,0,Q1
1338,0.000144035755340486,2,0,Q1
1349,0.000144035755340486,1,0,Q1
1350,0.000144035755340486,1,0,Q1
1351,0.000144035755340486,1,0,Q1
1353,0.000144035755340486,2,0,Q1
1364,0.000144035755340486,1,0,Q1
1367,0.000144035755340486,1,0,Q1
1371,0.000144035755340486,1,0,Q1
1375,0.000144035755340486,1,0,Q1
1381,0.000144035755340486,1,0,Q1
1387,0.000144035755340486,1,0,Q1
1388,0.000144035755340486,1,0,Q1
1390,0.000144035755340486,1,0,Q1
1395,0.000144035755340486,1,0,Q1
1422,0.000144035755340486,1,0,Q1
1423,0.000144035755340486,1,0,Q1
1426,0.000144035755340486,1,0,Q1
1434,0.000144035755340486,1,0,Q1
1435,0.000144035755340486,1,0,Q1
1436,0.000144035755340486,1,0,Q1
1439,0.000144035755340486,1,0,Q1
1442,0.000144035755340486,1,0,Q1
1450,0.000144035755340486,1,0,Q1
1467,0.000144035755340486,1,0,Q1
1468,0.000144035755340486,1,0,Q1
1470,0.000144035755340486,2,0,Q1
1471,0.000144035755340486,1,0,Q1
1473,0.000144035755340486,1,0,Q1
1481,0.000164663881791668,0,1,Q1
1510,0.000164663881791668,1,0,Q1
1513,0.000164663881791668,1,0,Q1
1514,0.000164663881791668,1,0,Q1
1515,0.000164663881791668,1,0,Q1
1521,0.000164663881791668,2,0,Q1
1526,0.000164663881791668,1,0,Q1
1534,0.000164663881791668,2,0,Q1
1536,0.000164663881791668,1,0,Q1
1540,0.000164663881791668,1,0,Q1
1549,0.000164663881791668,1,0,Q1
1557,0.000164663881791668,1,0,Q1
1559,0.000164663881791668,1,0,Q1
1560,0.000164663881791668,1,0,Q1
1566,0.000164663881791668,1,0,Q1
1568,0.000164663881791668,1,0,Q1
1570,0.000164663881791668,1,0,Q1
1572,0.000164663881791668,1,0,Q1
1582,0.000164663881791668,1,0,Q1
1609,0.000164663881791668,1,0,Q1
1620,0.000164663881791668,1,0,Q1
1635,0.000164663881791668,1,0,Q1
1638,0.000164663881791668,1,0,Q1
1646,0.000164663881791668,3,0,Q1
1650,0.000164663881791668,1,0,Q1
1660,0.000164663881791668,1,0,Q1
1662,0.000164663881791668,1,0,Q1
1663,0.000164663881791668,1,0,Q1
1672,0.000164663881791668,1,0,Q1
1676,0.000164663881791668,1,0,Q1
1680,0.000164663881791668,1,0,Q1
1681,0.000164663881791668,1,0,Q1
1690,0.000164663881791668,1,0,Q1
1693,0.000164663881791668,1,0,Q1
1697,0.000164663881791668,1,0,Q1
1698,0.000164663881791668,1,0,Q1
1699,0.000164663881791668,1,0,Q1
1700,0.000164663881791668,1,0,Q1
1701,0.000164663881791668,1,0,Q1
1702,0.000164663881791668,1,0,Q1
1711,0.000164663881791668,1,0,Q1
1713,0.000164663881791668,2,0,Q1
1715,0.000164663881791668,2,0,Q1
1718,0.000164663881791668,1,0,Q1
1720,0.000164663881791668,1,0,Q1
1728,0.000164663881791668,1,0,Q1
1732,0.000164663881791668,1,0,Q1
1733,0.000164663881791668,1,0,Q1
1738,0.000164663881791668,1,0,Q1
1744,0.000164663881791668,1,0,Q1
1747,0.000164663881791668,1,0,Q1
1748,0.000164663881791668,1,0,Q1
1754,0.000164663881791668,1,0,Q1
1769,0.000164663881791668,2,0,Q1
1770,0.000164663881791668,1,0,Q1
1772,0.000164663881791668,1,0,Q1
1774,0.000164663881791668,1,0,Q1
1790,0.000164663881791668,1,0,Q1
1803,0.000164663881791668,1,0,Q1
1806,0.000164663881791668,1,0,Q1
1822,0.000164663881791668,1,0,Q1
1834,0.000164663881791668,2,0,Q1
1838,0.000164663881791668,2,0,Q1
1842,0.000164663881791668,1,0,Q1
1844,0.000164663881791668,1,0,Q1
1849,0.000164663881791668,1,0,Q1
1854,0.000164663881791668,1,0,Q1
1856,0.000164663881791668,1,0,Q1
1861,0.000164663881791668,2,0,Q1
1864,0.000164663881791668,1,0,Q1
1881,0.000164663881791668,1,0,Q1
1889,0.000164663881791668,1,0,Q1
1896,0.000164663881791668,1,0,Q1
1902,0.000164663881791668,1,0,Q1
1903,0.000164663881791668,1,0,Q1
1906,0.000164663881791668,1,0,Q1
1908,0.000164663881791668,1,0,Q1
1912,0.000164663881791668,1,0,Q1
1918,0.000164663881791668,1,0,Q1
1923,0.000164663881791668,1,0,Q1
1935,0.000164663881791668,1,0,Q1
1937,0.000164663881791668,1,0,Q1
1956,0.000164663881791668,1,0,Q1
1958,0.000164663881791668,1,0,Q1
1967,0.000164663881791668,1,0,Q1
1975,0.000164663881791668,1,0,Q1
1978,0.000164663881791668,1,0,Q1
1980,0.000164663881791668,1,0,Q1
1981,0.000164663881791668,1,0,Q1
1998,0.000164663881791668,1,0,Q1
2005,0.000164663881791668,1,0,Q1
2017,0.000164663881791668,1,0,Q1
2020,0.000164663881791668,2,0,Q1
2033,0.000164663881791668,1,0,Q1
2041,0.000164663881791668,1,0,Q1
2045,0.000164663881791668,1,0,Q1
2049,0.000164663881791668,1,0,Q1
2050,0.000164663881791668,1,0,Q1
2052,0.000164663881791668,1,0,Q1
2057,0.000164663881791668,1,0,Q1
2077,0.000164663881791668,1,0,Q1
2078,0.000164663881791668,1,0,Q1
2083,0.000164663881791668,1,0,Q1
2093,0.000164663881791668,1,0,Q1
2094,0.000164663881791668,1,0,Q1
2095,0.000164663881791668,2,0,Q1
2103,0.000164663881791668,1,0,Q1
2116,0.000164663881791668,1,0,Q1
2120,0.000164663881791668,1,0,Q1
2121,0.000164663881791668,1,0,Q1
2123,0.000164663881791668,1,0,Q1
2134,0.000164663881791668,1,0,Q1
2139,0.000164663881791668,1,0,Q1
2145,0.000185345335698616,0,1,Q1
2155,0.000185345335698616,1,0,Q1
2156,0.000185345335698616,1,0,Q1
2167,0.000185345335698616,1,0,Q1
2168,0.000185345335698616,1,0,Q1
2170,0.000185345335698616,1,0,Q1
2191,0.000185345335698616,1,0,Q1
2196,0.000185345335698616,1,0,Q1
2206,0.000185345335698616,1,0,Q1
2214,0.000185345335698616,1,0,Q1
2219,0.000185345335698616,1,0,Q1
2256,0.00020603149562407,0,1,Q1
2287,0.00020603149562407,1,0,Q1
2295,0.00020603149562407,1,0,Q1
2315,0.00020603149562407,1,0,Q1
2321,0.00020603149562407,1,0,Q1
2322,0.00020603149562407,1,0,Q1
2346,0.00020603149562407,1,0,Q1
2364,0.00020603149562407,1,0,Q1
2367,0.00020603149562407,1,0,Q1
2368,0.00020603149562407,1,0,Q1
2371,0.000226721935607046,1,1,Q1
2379,0.000226721935607046,1,0,Q1
2386,0.000226721935607046,1,0,Q1
2389,0.000226721935607046,1,0,Q1
2398,0.000226721935607046,2,0,Q1
2402,0.000226721935607046,1,0,Q1
2406,0.000226721935607046,1,0,Q1
2409,0.000226721935607046,1,0,Q1
2421,0.000226721935607046,1,0,Q1
2424,0.000247417085699308,0,1,Q1
2428,0.000247417085699308,1,0,Q1
2448,0.000247417085699308,1,0,Q1
2473,0.000247417085699308,1,0,Q1
2501,0.000268113949090309,0,1,Q1
2519,0.000268113949090309,2,0,Q1
2535,0.000288812097641581,0,1,Q1
2542,0.000288812097641581,1,0,Q1
2546,0.000288812097641581,1,0,Q1
2547,0.000288812097641581,1,0,Q1
2567,0.000288812097641581,1,0,Q1
2577,0.000288812097641581,1,0,Q1
2586,0.000288812097641581,1,0,Q1
2619,0.000288812097641581,1,0,Q1
2635,0.000288812097641581,1,0,Q1
2639,0.000288812097641581,1,0,Q1
2643,0.000288812097641581,1,0,Q1
2661,0.000288812097641581,1,0,Q1
2666,0.000288812097641581,1,0,Q1
2671,0.000288812097641581,1,0,Q1
2690,0.000288812097641581,1,0,Q1
2707,0.000288812097641581,1,0,Q1
2715,0.000288812097641581,1,0,Q1
2725,0.000288812097641581,1,0,Q1
2747,0.000288812097641581,1,0,Q1
2791,0.000288812097641581,1,0,Q1
2798,0.000309518818008383,0,1,Q1
2814,0.000309518818008383,2,0,Q1
2838,0.000309518818008383,1,0,Q1
2853,0.000309518818008383,1,0,Q1
2910,0.000309518818008383,1,0,Q1
2945,0.000309518818008383,1,0,Q1
2953,0.000309518818008383,1,0,Q1
2960,0.000309518818008383,1,0,Q1
2980,0.000309518818008383,1,0,Q1
3002,0.000330229826945904,0,1,Q1
3003,0.000330229826945904,1,0,Q1
3035,0.000330229826945904,1,0,Q1
3094,0.000330229826945904,1,0,Q1
3115,0.000330229826945904,1,0,Q1
3122,0.000350942980835025,0,1,Q1
3163,0.000350942980835025,1,0,Q1
3190,0.000350942980835025,1,0,Q1
3197,0.000350942980835025,1,0,Q1
3198,0.000350942980835025,1,0,Q1
3203,0.000371658280120013,0,1,Q1
3208,0.000392374008537515,1,1,Q1
3214,0.000392374008537515,1,0,Q1
3244,0.000392374008537515,1,0,Q1
3278,0.000392374008537515,1,0,Q1
3281,0.000392374008537515,1,0,Q1
3296,0.000392374008537515,1,0,Q1
3324,0.000413092741380648,0,1,Q1
3334,0.000413092741380648,1,0,Q1
3335,0.000413092741380648,1,0,Q1
3363,0.000413092741380648,1,0,Q1
3368,0.000413092741380648,1,0,Q1
3382,0.000413092741380648,1,0,Q1
3386,0.000413092741380648,1,0,Q1
3405,0.000433814479520792,0,1,Q1
3428,0.000433814479520792,1,0,Q1
3433,0.000433814479520792,1,0,Q1
3443,0.000433814479520792,1,0,Q1
3451,0.000433814479520792,1,0,Q1
3456,0.000433814479520792,1,0,Q1
3474,0.000433814479520792,1,0,Q1
3478,0.000454539223829973,0,1,Q1
3483,0.000454539223829973,1,0,Q1
3503,0.000454539223829973,1,0,Q1
3518,0.000475265256764403,0,1,Q1
3585,0.000475265256764403,1,0,Q1
3586,0.000475265256764403,1,0,Q1
3615,0.000475265256764403,1,0,Q1
3618,0.000475265256764403,1,0,Q1
3635,0.000475265256764403,1,0,Q1
3640,0.00049599386743,0,1,Q1
3661,0.00049599386743,1,0,Q1
3665,0.00049599386743,1,0,Q1
3668,0.00049599386743,1,0,Q1
3673,0.00049599386743,1,0,Q1
3686,0.00049599386743,1,0,Q1
3696,0.00049599386743,1,0,Q1
3707,0.00049599386743,1,0,Q1
3718,0.00049599386743,1,0,Q1
3729,0.00049599386743,1,0,Q1
3730,0.00049599386743,1,0,Q1
3744,0.00049599386743,1,0,Q1
3759,0.000516727635482057,0,1,Q1
3777,0.000516727635482057,1,0,Q1
3779,0.000516727635482057,1,0,Q1
3805,0.000516727635482057,1,0,Q1
3818,0.000516727635482057,1,0,Q1
3835,0.000516727635482057,1,0,Q1
3849,0.000516727635482057,1,0,Q1
3858,0.000516727635482057,1,0,Q1
3861,0.000516727635482057,2,0,Q1
3865,0.000516727635482057,1,0,Q1
3883,0.000516727635482057,1,0,Q1
3886,0.000516727635482057,1,0,Q1
3896,0.000516727635482057,1,0,Q1
3904,0.000516727635482057,1,0,Q1
3922,0.000516727635482057,1,0,Q1
3927,0.000537468284042918,0,1,Q1
3930,0.000537468284042918,1,0,Q1
3943,0.000537468284042918,1,0,Q1
3949,0.000537468284042918,1,0,Q1
3951,0.000537468284042918,1,0,Q1
3958,0.000537468284042918,1,0,Q1
3959,0.000537468284042918,1,0,Q1
3965,0.000537468284042918,1,0,Q1
3966,0.000537468284042918,1,0,Q1
3980,0.000537468284042918,1,0,Q1
3982,0.000537468284042918,1,0,Q1
3988,0.000537468284042918,1,0,Q1
3995,0.000537468284042918,1,0,Q1
4007,0.000537468284042918,1,0,Q1
4010,0.000537468284042918,1,0,Q1
4020,0.000558215387229375,0,1,Q1
4024,0.000558215387229375,1,0,Q1
4026,0.000558215387229375,1,0,Q1
4029,0.000558215387229375,1,0,Q1
4037,0.000558215387229375,1,0,Q1
4043,0.000558215387229375,1,0,Q1
4045,0.000558215387229375,1,0,Q1
4058,0.000558215387229375,1,0,Q1
4063,0.000558215387229375,1,0,Q1
4069,0.000558215387229375,1,0,Q1
4072,0.000558215387229375,1,0,Q1
4081,0.000558215387229375,1,0,Q1
4083,0.000558215387229375,1,0,Q1
4099,0.000558215387229375,1,0,Q1
4100,0.000558215387229375,1,0,Q1
4105,0.000558215387229375,1,0,Q1
4111,0.000558215387229375,1,0,Q1
4112,0.000558215387229375,1,0,Q1
4118,0.000578970241271545,0,1,Q1
4127,0.000578970241271545,1,0,Q1
4137,0.000578970241271545,2,0,Q1
4141,0.000578970241271545,1,0,Q1
4150,0.000578970241271545,1,0,Q1
4173,0.000578970241271545,1,0,Q1
4178,0.000578970241271545,1,0,Q1
4187,0.00059972854199777,0,1,Q1
4188,0.00059972854199777,1,0,Q1
4198,0.00059972854199777,1,0,Q1
4201,0.000620488135525604,0,1,Q1
4207,0.000620488135525604,1,0,Q1
4216,0.000620488135525604,1,0,Q1
4218,0.000641249022016157,0,1,Q1
4244,0.000641249022016157,1,0,Q1
4252,0.000641249022016157,1,0,Q1
4256,0.000641249022016157,1,0,Q1
4268,0.000641249022016157,1,0,Q1
4277,0.000641249022016157,3,0,Q1
4282,0.00066201335719474,1,1,Q1
4298,0.00066201335719474,1,0,Q1
4311,0.00066201335719474,1,0,Q1
4320,0.00066201335719474,1,0,Q1
4326,0.00066201335719474,3,0,Q1
4338,0.00066201335719474,1,0,Q1
4343,0.00066201335719474,1,0,Q1
4346,0.00066201335719474,1,0,Q1
4377,0.00066201335719474,1,0,Q1
4386,0.00066201335719474,1,0,Q1
4397,0.00066201335719474,1,0,Q1
4399,0.00066201335719474,1,0,Q1
4402,0.00066201335719474,1,0,Q1
4408,0.00066201335719474,1,0,Q1
4416,0.00066201335719474,1,0,Q1
4417,0.00066201335719474,1,0,Q1
4419,0.00066201335719474,1,0,Q1
4420,0.00066201335719474,1,0,Q1
4423,0.00066201335719474,1,0,Q1
4426,0.00066201335719474,1,0,Q1
4441,0.00066201335719474,1,0,Q1
4444,0.00066201335719474,1,0,Q1
4456,0.00066201335719474,1,0,Q1
4463,0.00066201335719474,1,0,Q1
4493,0.00066201335719474,1,0,Q1
4502,0.00066201335719474,1,0,Q1
4504,0.00066201335719474,1,0,Q1
4507,0.00066201335719474,1,0,Q1
4511,0.00066201335719474,1,0,Q1
4526,0.00066201335719474,1,0,Q1
4537,0.00066201335719474,1,0,Q1
4552,0.00066201335719474,1,0,Q1
4566,0.00066201335719474,1,0,Q1
4568,0.00066201335719474,1,0,Q1
4585,0.00066201335719474,1,0,Q1
4587,0.00066201335719474,1,0,Q1
4591,0.00066201335719474,2,0,Q1
4592,0.00066201335719474,1,0,Q1
4598,0.00066201335719474,1,0,Q1
4610,0.00066201335719474,1,0,Q1
4614,0.00066201335719474,2,0,Q1
4619,0.00066201335719474,1,0,Q1
4628,0.00066201335719474,1,0,Q1
4641,0.00066201335719474,2,0,Q1
4642,0.00066201335719474,1,0,Q1
4643,0.00066201335719474,1,0,Q1
4650,0.00066201335719474,1,0,Q1
4656,0.000682800568902827,1,1,Q1
4657,0.000682800568902827,1,0,Q1
4658,0.000682800568902827,1,0,Q1
4669,0.000682800568902827,1,0,Q1
4672,0.000682800568902827,1,0,Q1
4682,0.000682800568902827,1,0,Q1
4693,0.000682800568902827,1,0,Q1
4698,0.000682800568902827,1,0,Q1
4705,0.000682800568902827,1,0,Q1
4709,0.000682800568902827,1,0,Q1
4711,0.000682800568902827,1,0,Q1
4712,0.000682800568902827,1,0,Q1
4722,0.000682800568902827,2,0,Q1
4725,0.000682800568902827,11,0,Q1
4727,0.000682800568902827,9,0,Q1
4735,0.000682800568902827,14,0,Q1
4739,0.000682800568902827,11,0,Q1
4742,0.000682800568902827,19,0,Q1
4743,0.000682800568902827,1,0,Q1
4746,0.000682800568902827,11,0,Q1
4749,0.000682800568902827,12,0,Q1
4750,0.000682800568902827,1,0,Q1
4754,0.000682800568902827,1,0,Q1
4755,0.000682800568902827,6,0,Q1
4762,0.000682800568902827,15,0,Q1
4763,0.000682800568902827,12,0,Q1
4772,0.000682800568902827,3,0,Q1
4774,0.000682800568902827,1,0,Q1
4789,0.000682800568902827,1,0,Q1
4790,0.000682800568902827,5,0,Q1
4791,0.000682800568902827,6,0,Q1
4792,0.000682800568902827,4,0,Q1
4794,0.000682800568902827,1,0,Q1
4795,0.000682800568902827,13,0,Q1
4796,0.000682800568902827,5,0,Q1
4797,0.000682800568902827,10,0,Q1
4798,0.000682800568902827,43,0,Q1
4799,0.000682800568902827,18,0,Q1
4801,0.000682800568902827,11,0,Q1
4802,0.000682800568902827,45,0,Q1
4803,0.000682800568902827,27,0,Q1
4804,0.000682800568902827,42,0,Q1
4805,0.000682800568902827,62,0,Q1
4806,0.000682800568902827,41,0,Q1
4808,0.000682800568902827,43,0,Q1
4809,0.000682800568902827,53,0,Q1
4810,0.000682800568902827,34,0,Q1
4811,0.000682800568902827,51,0,Q1
4812,0.000682800568902827,49,0,Q1
4813,0.000682800568902827,48,0,Q1
4815,0.000682800568902827,66,0,Q1
4816,0.000682800568902827,64,0,Q1
4817,0.000682800568902827,49,0,Q1
4818,0.000682800568902827,81,0,Q1
4819,0.000682800568902827,53,0,Q1
4820,0.000682800568902827,63,0,Q1
4822,0.000682800568902827,94,0,Q1
4823,0.000682800568902827,69,0,Q1
4824,0.000682800568902827,70,0,Q1
4825,0.000682800568902827,54,0,Q1
4826,0.000682800568902827,74,0,Q1
4827,0.000682800568902827,60,0,Q1
4828,0.000682800568902827,1,0,Q1
4829,0.000682800568902827,89,0,Q1
4830,0.000682800568902827,63,0,Q1
4831,0.000682800568902827,72,0,Q1
4832,0.000682800568902827,76,0,Q1
4833,0.000682800568902827,77,0,Q1
4834,0.000682800568902827,68,0,Q1
4836,0.000682800568902827,77,0,Q1
4837,0.000682800568902827,70,0,Q1
4838,0.000682800568902827,70,0,Q1
4839,0.000682800568902827,92,0,Q1
4840,0.000682800568902827,67,0,Q1
4843,0.000682800568902827,87,0,Q1
4844,0.000682800568902827,73,0,Q1
4845,0.000682800568902827,77,0,Q1
4846,0.000682800568902827,69,0,Q1
4847,0.000682800568902827,68,0,Q1
4848,0.000682800568902827,59,0,Q1
4850,0.000682800568902827,99,0,Q1
4851,0.000682800568902827,69,0,Q1
4852,0.000682800568902827,63,0,Q1
4853,0.000682800568902827,52,0,Q1
4854,0.000682800568902827,68,0,Q1
4855,0.000682800568902827,66,0,Q1
4857,0.000682800568902827,65,0,Q1
4858,0.000682800568902827,73,0,Q1
4859,0.000682800568902827,53,0,Q1
4860,0.000682800568902827,67,0,Q1
4861,0.000682800568902827,57,0,Q1
4862,0.000682800568902827,82,0,Q1
4864,0.000682800568902827,133,0,Q1
4865,0.000682800568902827,66,0,Q1
4866,0.000682800568902827,54,0,Q1
4867,0.000682800568902827,79,0,Q1
4868,0.000705448317151371,75,1,Q1
4871,0.000705448317151371,60,0,Q1
4872,0.000705448317151371,62,0,Q1
4873,0.000705448317151371,56,0,Q1
4874,0.000705448317151371,78,0,Q1
4875,0.000705448317151371,54,0,Q1
4876,0.000705448317151371,33,0,Q1
4878,0.000705448317151371,64,0,Q1
4879,0.000705448317151371,54,0,Q1
4880,0.000705448317151371,32,0,Q1
4881,0.000705448317151371,35,0,Q1
4882,0.000705448317151371,66,0,Q1
4883,0.000705448317151371,55,0,Q1
4885,0.000705448317151371,92,0,Q1
4886,0.000705448317151371,56,0,Q1
4887,0.000705448317151371,49,0,Q1
4888,0.000705448317151371,31,0,Q1
4889,0.000705448317151371,43,0,Q1
4890,0.000705448317151371,57,0,Q1
4892,0.000705448317151371,26,0,Q1
4893,0.000705448317151371,27,0,Q1
4894,0.000705448317151371,42,0,Q1
4895,0.000705448317151371,46,0,Q1
4896,0.000705448317151371,25,0,Q1
4901,0.000705448317151371,52,0,Q1
4902,0.000705448317151371,59,0,Q1
4903,0.000705448317151371,65,0,Q1
4904,0.000705448317151371,66,0,Q1
4906,0.000705448317151371,79,0,Q1
4907,0.000705448317151371,70,0,Q1
4908,0.000705448317151371,35,0,Q1
4909,0.000705448317151371,64,0,Q1
4910,0.000705448317151371,68,0,Q1
4911,0.000705448317151371,49,0,Q1
4913,0.000705448317151371,105,0,Q1
4914,0.000705448317151371,75,0,Q1
4915,0.000705448317151371,70,0,Q1
4916,0.000705448317151371,53,0,Q1
4917,0.000705448317151371,65,0,Q1
4918,0.000705448317151371,108,0,Q1
4920,0.000705448317151371,80,0,Q1
4921,0.000705448317151371,37,0,Q1
4922,0.000705448317151371,36,0,Q1
4923,0.000705448317151371,49,0,Q1
4924,0.000705448317151371,54,0,Q1
4925,0.000705448317151371,48,0,Q1
4927,0.000705448317151371,91,0,Q1
4928,0.000705448317151371,75,0,Q1
4929,0.000705448317151371,53,0,Q1
4930,0.000705448317151371,46,0,Q1
4931,0.000705448317151371,76,0,Q1
4932,0.000705448317151371,61,0,Q1
4934,0.000705448317151371,81,0,Q1
4935,0.000705448317151371,60,0,Q1
4936,0.000705448317151371,54,0,Q1
4937,0.000705448317151371,27,0,Q1
4938,0.000705448317151371,27,0,Q1
4939,0.000705448317151371,19,0,Q1
4941,0.000705448317151371,16,0,Q1
4942,0.000705448317151371,28,0,Q1
4943,0.000705448317151371,50,0,Q1
4944,0.000705448317151371,56,0,Q1
4945,0.000705448317151371,63,0,Q1
4946,0.000705448317151371,48,0,Q1
4948,0.000705448317151371,57,0,Q1
4949,0.000705448317151371,45,0,Q1
4950,0.000705448317151371,58,0,Q1
4951,0.000705448317151371,55,0,Q1
4952,0.000705448317151371,51,0,Q1
4953,0.000705448317151371,62,0,Q1
4955,0.000705448317151371,82,0,Q1
4956,0.000705448317151371,45,0,Q1
4957,0.000705448317151371,53,0,Q1
4958,0.000705448317151371,46,0,Q1
4959,0.000705448317151371,43,0,Q1
4960,0.000705448317151371,30,0,Q1
4962,0.000705448317151371,61,0,Q1
4963,0.000705448317151371,36,0,Q1
4964,0.000705448317151371,28,0,Q1
4965,0.000705448317151371,25,0,Q1
4966,0.000705448317151371,33,0,Q1
4967,0.000705448317151371,34,0,Q1
4969,0.000705448317151371,63,0,Q1
4970,0.000705448317151371,46,0,Q1
4971,0.000705448317151371,44,0,Q1
4972,0.000705448317151371,35,0,Q1
4973,0.000705448317151371,46,0,Q1
4974,0.000705448317151371,19,0,Q1
4976,0.000705448317151371,28,0,Q1
4977,0.000705448317151371,62,0,Q1
4978,0.000705448317151371,22,0,Q1
4979,0.000705448317151371,16,0,Q1
4980,0.000705448317151371,20,0,Q1
4981,0.000705448317151371,36,0,Q1
4983,0.000705448317151371,36,0,Q1
4984,0.000705448317151371,25,0,Q1
4985,0.000705448317151371,33,0,Q1
4986,0.000705448317151371,15,0,Q1
4987,0.000705448317151371,19,0,Q1
4988,0.000705448317151371,15,0,Q1
5002,0.000705448317151371,1,0,Q1
5004,0.000705448317151371,45,0,Q1
5005,0.000705448317151371,29,0,Q1
5006,0.000705448317151371,33,0,Q1
5007,0.000705448317151371,23,0,Q1
5008,0.000705448317151371,41,0,Q1
5009,0.000705448317151371,29,0,Q1
5010,0.000705448317151371,1,0,Q1
5011,0.000705448317151371,81,0,Q1
5012,0.000705448317151371,49,0,Q1
5013,0.000705448317151371,42,0,Q1
5014,0.000705448317151371,59,0,Q1
5015,0.000705448317151371,49,0,Q1
5016,0.000705448317151371,61,0,Q1
5018,0.000705448317151371,58,0,Q1
5019,0.000705448317151371,28,0,Q1
5020,0.000705448317151371,31,0,Q1
5021,0.000705448317151371,36,0,Q1
5022,0.000705448317151371,39,0,Q1
5023,0.000705448317151371,25,0,Q1
5025,0.000705448317151371,63,0,Q1
5026,0.000705448317151371,51,0,Q1
5027,0.000705448317151371,48,0,Q1
5028,0.000705448317151371,40,0,Q1
5029,0.000705448317151371,83,0,Q1
5030,0.000705448317151371,45,0,Q1
5032,0.000705448317151371,82,0,Q1
5033,0.000705448317151371,66,0,Q1
5034,0.000705448317151371,62,0,Q1
5035,0.000705448317151371,59,0,Q1
5036,0.000705448317151371,61,0,Q1
5037,0.000705448317151371,56,0,Q1
5039,0.000705448317151371,112,0,Q1
5040,0.000705448317151371,53,0,Q1
5041,0.000705448317151371,61,0,Q1
5042,0.000705448317151371,74,0,Q1
5043,0.000705448317151371,56,0,Q1
5044,0.000705448317151371,76,0,Q1
5045,0.000705448317151371,1,0,Q1
5046,0.000705448317151371,115,0,Q1
5047,0.000705448317151371,72,0,Q1
5048,0.000705448317151371,47,0,Q1
5049,0.000705448317151371,58,0,Q1
5050,0.000705448317151371,45,0,Q1
5051,0.000705448317151371,63,0,Q1
5053,0.000705448317151371,95,0,Q1
5054,0.000705448317151371,70,0,Q1
5055,0.000705448317151371,96,0,Q1
5056,0.000705448317151371,52,0,Q1
5057,0.000705448317151371,75,0,Q1
5058,0.000705448317151371,69,0,Q1
5060,0.000705448317151371,107,0,Q1
5061,0.000705448317151371,70,0,Q1
5062,0.000705448317151371,66,0,Q1
5063,0.000705448317151371,85,0,Q1
5064,0.000705448317151371,66,0,Q1
5065,0.000705448317151371,66,0,Q1
5066,0.000705448317151371,1,0,Q1
5067,0.000705448317151371,88,0,Q1
5068,0.000705448317151371,70,0,Q1
5069,0.000705448317151371,62,0,Q1
5070,0.000705448317151371,57,0,Q1
5071,0.000705448317151371,53,0,Q1
5072,0.000705448317151371,52,0,Q1
5074,0.000705448317151371,92,0,Q1
5075,0.000705448317151371,74,0,Q1
5076,0.000705448317151371,67,0,Q1
5077,0.000705448317151371,76,0,Q1
5078,0.000705448317151371,57,0,Q1
5079,0.000705448317151371,68,0,Q1
5080,0.000705448317151371,1,0,Q1
5081,0.000705448317151371,102,0,Q1
5082,0.000705448317151371,65,0,Q1
5083,0.000705448317151371,76,0,Q1
5084,0.000705448317151371,30,0,Q1
5085,0.000705448317151371,68,0,Q1
5086,0.000705448317151371,74,0,Q1
5088,0.000705448317151371,70,0,Q1
5089,0.000705448317151371,37,0,Q1
5090,0.000705448317151371,54,0,Q1
5091,0.000705448317151371,36,0,Q1
5092,0.000705448317151371,27,0,Q1
5093,0.000705448317151371,36,0,Q1
5095,0.000705448317151371,53,0,Q1
5096,0.000705448317151371,53,0,Q1
5097,0.000705448317151371,77,0,Q1
5098,0.000705448317151371,69,0,Q1
5099,0.000705448317151371,72,0,Q1
5100,0.000705448317151371,42,0,Q1
5102,0.000705448317151371,74,0,Q1
5103,0.000705448317151371,51,0,Q1
5104,0.000705448317151371,50,0,Q1
5105,0.000705448317151371,51,0,Q1
5106,0.000705448317151371,66,0,Q1
5107,0.000705448317151371,38,0,Q1
5109,0.000705448317151371,55,0,Q1
5110,0.000705448317151371,54,0,Q1
5111,0.000705448317151371,52,0,Q1
5112,0.000705448317151371,41,0,Q1
5113,0.000705448317151371,59,0,Q1
5114,0.000705448317151371,1,0,Q1
5116,0.000705448317151371,44,0,Q1
5117,0.000705448317151371,46,0,Q1
5118,0.000705448317151371,36,0,Q1
5119,0.000705448317151371,50,0,Q1
5120,0.000705448317151371,69,0,Q1
5121,0.000705448317151371,54,0,Q1
5123,0.000705448317151371,88,0,Q1
5124,0.000705448317151371,63,0,Q1
5125,0.000705448317151371,66,0,Q1
5126,0.000705448317151371,73,0,Q1
5127,0.000705448317151371,52,0,Q1
5128,0.000705448317151371,63,0,Q1
5130,0.000705448317151371,44,0,Q1
5131,0.000705448317151371,57,0,Q1
5132,0.000705448317151371,48,0,Q1
5133,0.000705448317151371,45,0,Q1
5134,0.000705448317151371,25,0,Q1
5135,0.000705448317151371,55,0,Q1
5137,0.000705448317151371,68,0,Q1
5138,0.000705448317151371,24,0,Q1
5139,0.000705448317151371,35,0,Q1
5140,0.000705448317151371,72,0,Q1
5141,0.000705448317151371,27,0,Q1
5142,0.000705448317151371,20,0,Q1
5144,0.000705448317151371,49,0,Q1
5145,0.000705448317151371,51,0,Q1
5146,0.000705448317151371,35,0,Q1
5147,0.000705448317151371,46,0,Q1
5148,0.000705448317151371,38,0,Q1
5149,0.000705448317151371,62,0,Q1
5151,0.000705448317151371,58,0,Q1
5152,0.000705448317151371,40,0,Q1
5153,0.000705448317151371,33,0,Q1
5154,0.000705448317151371,39,0,Q1
5155,0.000705448317151371,59,0,Q1
5156,0.000705448317151371,47,0,Q1
5158,0.000705448317151371,79,0,Q1
5159,0.000705448317151371,45,0,Q1
5160,0.000705448317151371,40,0,Q1
5161,0.000705448317151371,34,0,Q1
5162,0.000705448317151371,46,0,Q1
5163,0.000705448317151371,22,0,Q1
5165,0.000705448317151371,68,0,Q1
5166,0.000705448317151371,40,0,Q1
5167,0.000705448317151371,49,0,Q1
5168,0.000705448317151371,41,0,Q1
5169,0.000705448317151371,19,0,Q1
5170,0.000705448317151371,55,0,Q1
5172,0.000705448317151371,70,0,Q1
5173,0.000705448317151371,50,0,Q1
5174,0.000705448317151371,44,0,Q1
5175,0.000705448317151371,67,0,Q1
5176,0.000705448317151371,32,0,Q1
5177,0.000705448317151371,49,0,Q1
5179,0.000705448317151371,88,0,Q1
5180,0.000705448317151371,42,0,Q1
5181,0.000705448317151371,54,0,Q1
5182,0.000705448317151371,54,0,Q1
5183,0.000705448317151371,76,0,Q1
5184,0.000705448317151371,73,0,Q1
5186,0.000705448317151371,99,0,Q1
5187,0.000705448317151371,78,0,Q1
5188,0.000705448317151371,60,0,Q1
5189,0.000705448317151371,65,0,Q1
5190,0.000705448317151371,47,0,Q1
5191,0.000705448317151371,40,0,Q1
5193,0.000705448317151371,82,0,Q1
5194,0.000705448317151371,55,0,Q1
5195,0.000705448317151371,54,0,Q1
5196,0.000705448317151371,50,0,Q1
5197,0.000705448317151371,59,0,Q1
5198,0.000705448317151371,48,0,Q1
5200,0.000705448317151371,57,0,Q1
5201,0.000705448317151371,62,0,Q1
5202,0.000705448317151371,49,0,Q1
5203,0.000705448317151371,61,0,Q1
5204,0.000705448317151371,40,0,Q1
5205,0.000705448317151371,45,0,Q1
5207,0.000705448317151371,38,0,Q1
5208,0.000705448317151371,63,0,Q1
5209,0.000705448317151371,49,0,Q1
5210,0.000705448317151371,48,0,Q1
5211,0.000705448317151371,63,0,Q1
5214,0.000705448317151371,40,0,Q1
5215,0.000705448317151371,55,0,Q1
5216,0.000705448317151371,57,0,Q1
5217,0.000705448317151371,49,0,Q1
5218,0.000705448317151371,38,0,Q1
5219,0.000705448317151371,49,0,Q1
5221,0.000705448317151371,77,0,Q1
5222,0.000705448317151371,46,0,Q1
5223,0.000705448317151371,55,0,Q1
5224,0.000705448317151371,50,0,Q1
5225,0.000705448317151371,59,0,Q1
5226,0.000705448317151371,66,0,Q1
5228,0.000705448317151371,70,0,Q1
5229,0.000705448317151371,66,0,Q1
5230,0.000705448317151371,43,0,Q1
5231,0.000705448317151371,53,0,Q1
5232,0.000705448317151371,30,0,Q1
5235,0.000705448317151371,59,0,Q1
5236,0.000705448317151371,42,0,Q1
5237,0.000705448317151371,27,0,Q1
5238,0.000705448317151371,59,0,Q1
5239,0.000705448317151371,57,0,Q1
5240,0.000705448317151371,50,0,Q1
5242,0.000705448317151371,68,0,Q1
5243,0.000705448317151371,69,0,Q1
5244,0.000705448317151371,58,0,Q1
5245,0.000705448317151371,40,0,Q1
5246,0.000705448317151371,46,0,Q1
5247,0.000705448317151371,70,0,Q1
5249,0.000705448317151371,75,0,Q1
5250,0.000705448317151371,61,0,Q1
5251,0.000705448317151371,53,0,Q1
5252,0.000705448317151371,52,0,Q1
5253,0.000705448317151371,42,0,Q1
5254,0.000705448317151371,1,0,Q1
5258,0.000705448317151371,31,0,Q1
5259,0.000705448317151371,63,0,Q1
5260,0.000705448317151371,54,0,Q1
5261,0.000705448317151371,58,0,Q1
5263,0.000705448317151371,101,0,Q1
5264,0.000705448317151371,66,0,Q1
5265,0.000705448317151371,55,0,Q1
5266,0.000705448317151371,44,0,Q1
5267,0.000705448317151371,46,0,Q1
5268,0.000705448317151371,52,0,Q1
5270,0.000705448317151371,74,0,Q1
5271,0.000705448317151371,50,0,Q1
5272,0.000705448317151371,49,0,Q1
5273,0.000705448317151371,52,0,Q1
5274,0.000705448317151371,62,0,Q1
5275,0.000705448317151371,42,0,Q1
5277,0.000705448317151371,94,0,Q1
5278,0.000705448317151371,46,0,Q1
5279,0.000705448317151371,68,0,Q1
5280,0.000705448317151371,84,0,Q1
5281,0.000705448317151371,56,0,Q1
5282,0.000705448317151371,90,0,Q1
5284,0.000705448317151371,137,0,Q1
5285,0.000705448317151371,80,0,Q1
5286,0.000705448317151371,51,0,Q1
5287,0.000705448317151371,66,0,Q1
5288,0.000705448317151371,80,0,Q1
5289,0.000705448317151371,46,0,Q1
5291,0.000705448317151371,70,0,Q1
5292,0.000705448317151371,55,0,Q1
5293,0.000705448317151371,52,0,Q1
5294,0.000705448317151371,42,0,Q1
5295,0.000705448317151371,71,0,Q1
5296,0.000705448317151371,63,0,Q1
5298,0.000705448317151371,73,0,Q1
5299,0.000705448317151371,48,0,Q1
5300,0.000705448317151371,76,0,Q1
5301,0.000705448317151371,50,0,Q1
5302,0.000705448317151371,67,0,Q1
5303,0.000705448317151371,48,0,Q1
5305,0.000705448317151371,90,0,Q1
5306,0.000705448317151371,87,0,Q1
5307,0.000705448317151371,55,0,Q1
5308,0.000705448317151371,74,0,Q1
5309,0.000705448317151371,56,0,Q1
5310,0.000705448317151371,72,0,Q1
5312,0.000705448317151371,64,0,Q1
5313,0.000705448317151371,76,0,Q1
5314,0.000705448317151371,58,0,Q1
5315,0.000705448317151371,47,0,Q1
5316,0.000705448317151371,51,0,Q1
5317,0.000705448317151371,40,0,Q1
5319,0.000705448317151371,100,0,Q1
5320,0.000705448317151371,45,0,Q1
5321,0.000705448317151371,34,0,Q1
5322,0.000705448317151371,36,0,Q1
5323,0.000705448317151371,27,0,Q1
5324,0.000705448317151371,24,0,Q1
5326,0.000705448317151371,59,0,Q1
5327,0.000705448317151371,46,0,Q1
5328,0.000705448317151371,37,0,Q1
5329,0.000705448317151371,53,0,Q1
5330,0.000705448317151371,47,0,Q1
5331,0.000705448317151371,53,0,Q1
5333,0.000705448317151371,42,0,Q1
5334,0.000705448317151371,58,0,Q1
5335,0.000705448317151371,62,0,Q1
5336,0.000705448317151371,36,0,Q1
5337,0.000705448317151371,35,0,Q1
5338,0.000705448317151371,51,0,Q1
5340,0.000705448317151371,81,0,Q1
5341,0.000705448317151371,49,0,Q1
5342,0.000705448317151371,47,0,Q1
5343,0.000705448317151371,52,0,Q1
5344,0.000705448317151371,61,0,Q1
5345,0.000705448317151371,50,0,Q1
5347,0.000705448317151371,64,0,Q1
5348,0.000705448317151371,70,0,Q1
5349,0.000705448317151371,31,0,Q1
5350,0.000705448317151371,24,0,Q1
5351,0.000705448317151371,47,0,Q1
5352,0.000705448317151371,45,0,Q1
5364,0.000705448317151371,1,0,Q1
5368,0.000705448317151371,51,0,Q1
5369,0.000705448317151371,71,0,Q1
5370,0.000705448317151371,47,0,Q1
5371,0.000705448317151371,54,0,Q1
5372,0.000705448317151371,58,0,Q1
5373,0.000705448317151371,78,0,Q1
5375,0.000705448317151371,105,0,Q1
5376,0.000705448317151371,54,0,Q1
5377,0.000705448317151371,34,0,Q1
5378,0.000705448317151371,52,0,Q1
5379,0.000705448317151371,59,0,Q1
5380,0.000705448317151371,74,0,Q1
5382,0.000705448317151371,76,0,Q1
5383,0.000705448317151371,57,0,Q1
5384,0.000705448317151371,57,0,Q1
5385,0.000705448317151371,34,0,Q1
5386,0.000705448317151371,61,0,Q1
5387,0.000705448317151371,74,0,Q1
5389,0.000705448317151371,76,0,Q1
5390,0.000705448317151371,81,0,Q1
5391,0.000705448317151371,49,0,Q1
5392,0.000705448317151371,62,0,Q1
5393,0.000705448317151371,48,0,Q1
5394,0.000705448317151371,80,0,Q1
5396,0.000705448317151371,79,0,Q1
5397,0.000705448317151371,73,0,Q1
5398,0.000705448317151371,37,0,Q1
5399,0.000705448317151371,66,0,Q1
5400,0.000705448317151371,61,0,Q1
5401,0.000705448317151371,55,0,Q1
5403,0.000705448317151371,59,0,Q1
5404,0.000705448317151371,63,0,Q1
5405,0.000705448317151371,40,0,Q1
5406,0.000705448317151371,53,0,Q1
5407,0.000705448317151371,76,0,Q1
5408,0.000705448317151371,62,0,Q1
5410,0.000705448317151371,74,0,Q1
5411,0.000705448317151371,82,0,Q1
5412,0.000705448317151371,63,0,Q1
5413,0.000705448317151371,35,0,Q1
5414,0.000705448317151371,78,0,Q1
5415,0.000705448317151371,48,0,Q1
5417,0.000705448317151371,80,0,Q1
5418,0.000705448317151371,47,0,Q1
5419,0.000705448317151371,62,0,Q1
5420,0.000705448317151371,63,0,Q1
5421,0.000705448317151371,56,0,Q1
5422,0.000705448317151371,72,0,Q1
5424,0.000705448317151371,76,0,Q1
5425,0.000705448317151371,56,0,Q1
5426,0.000705448317151371,51,0,Q1
5427,0.000705448317151371,68,0,Q1
5428,0.000705448317151371,82,0,Q1
5429,0.000705448317151371,37,0,Q1
5430,0.000705448317151371,1,0,Q1
5431,0.000705448317151371,82,0,Q1
5432,0.000705448317151371,65,0,Q1
5433,0.000705448317151371,75,0,Q1
5434,0.000705448317151371,44,0,Q1
5435,0.000705448317151371,46,0,Q1
5436,0.000705448317151371,84,0,Q1
5438,0.000705448317151371,52,0,Q1
5439,0.000705448317151371,67,0,Q1
5440,0.000705448317151371,58,0,Q1
5441,0.000705448317151371,56,0,Q1
5442,0.000705448317151371,52,0,Q1
5443,0.000705448317151371,50,0,Q1
5445,0.000705448317151371,98,0,Q1
5446,0.000705448317151371,51,0,Q1
5447,0.000705448317151371,50,0,Q1
5448,0.000705448317151371,38,0,Q1
5449,0.000705448317151371,66,0,Q1
5450,0.000705448317151371,75,0,Q1
5452,0.000705448317151371,82,0,Q1
5453,0.000705448317151371,49,0,Q1
5454,0.000705448317151371,48,0,Q1
5455,0.000705448317151371,58,0,Q1
5456,0.000705448317151371,39,0,Q1
5457,0.000705448317151371,63,0,Q1
5459,0.000705448317151371,60,0,Q1
5460,0.000705448317151371,85,0,Q1
5461,0.000705448317151371,49,0,Q1
5462,0.000705448317151371,59,0,Q1
5463,0.000705448317151371,55,0,Q1
5464,0.000705448317151371,47,0,Q1
5466,0.000705448317151371,88,0,Q1
5467,0.000705448317151371,68,0,Q1
5468,0.000705448317151371,68,0,Q1
5469,0.000705448317151371,73,0,Q1
5470,0.000705448317151371,68,0,Q1
5471,0.000705448317151371,82,0,Q1
5473,0.000705448317151371,102,0,Q1
5474,0.000705448317151371,70,0,Q1
5475,0.000705448317151371,43,0,Q1
5476,0.000705448317151371,59,0,Q1
5477,0.000705448317151371,71,0,Q1
5478,0.000705448317151371,39,0,Q1
5480,0.000705448317151371,67,0,Q1
5481,0.000705448317151371,52,0,Q1
5482,0.000705448317151371,56,0,Q1
5483,0.000705448317151371,54,0,Q1
5484,0.000705448317151371,49,0,Q1
5487,0.000705448317151371,45,0,Q1
5488,0.000705448317151371,68,0,Q1
5489,0.000705448317151371,85,0,Q1
5490,0.000705448317151371,63,0,Q1
5491,0.000705448317151371,71,0,Q1
5492,0.000705448317151371,54,0,Q1
5494,0.000705448317151371,65,0,Q1
5495,0.000705448317151371,78,0,Q1
5496,0.000705448317151371,49,0,Q1
5497,0.000705448317151371,54,0,Q1
5498,0.000705448317151371,58,0,Q1
5499,0.000705448317151371,66,0,Q1
5501,0.000705448317151371,64,0,Q1
5502,0.000705448317151371,45,0,Q1
5503,0.000705448317151371,67,0,Q1
5504,0.000705448317151371,58,0,Q1
5505,0.000705448317151371,66,0,Q1
5506,0.000705448317151371,51,0,Q1
5508,0.000705448317151371,62,0,Q1
5509,0.000705448317151371,31,0,Q1
5510,0.000705448317151371,47,0,Q1
5511,0.000705448317151371,73,0,Q1
5512,0.000705448317151371,54,0,Q1
5513,0.000705448317151371,54,0,Q1
5515,0.000705448317151371,99,0,Q1
5516,0.000705448317151371,56,0,Q1
5517,0.000705448317151371,69,0,Q1
5518,0.000705448317151371,59,0,Q1
5519,0.000705448317151371,61,0,Q1
5520,0.000705448317151371,78,0,Q1
5522,0.000705448317151371,86,0,Q1
5523,0.000705448317151371,53,0,Q1
5524,0.000705448317151371,51,0,Q1
5525,0.000705448317151371,60,0,Q1
5526,0.000705448317151371,53,0,Q1
5527,0.000705448317151371,66,0,Q1
5529,0.000705448317151371,83,0,Q1
5530,0.000705448317151371,85,0,Q1
5531,0.000705448317151371,67,0,Q1
5532,0.000705448317151371,66,0,Q1
5533,0.000705448317151371,40,0,Q1
5534,0.000705448317151371,33,0,Q1
5536,0.000705448317151371,68,0,Q1
5537,0.000705448317151371,38,0,Q1
5538,0.000705448317151371,40,0,Q1
5539,0.000705448317151371,64,0,Q1
5540,0.000705448317151371,49,0,Q1
5541,0.000705448317151371,54,0,Q1
5543,0.000705448317151371,41,0,Q1
5544,0.000705448317151371,51,0,Q1
5545,0.000705448317151371,72,0,Q1
5546,0.000705448317151371,52,0,Q1
5547,0.000705448317151371,75,0,Q1
5548,0.000705448317151371,55,0,Q1
5550,0.000705448317151371,64,0,Q1
5551,0.000705448317151371,54,0,Q1
5552,0.000705448317151371,49,0,Q1
5553,0.000705448317151371,28,0,Q1
5554,0.000705448317151371,58,0,Q1
5555,0.000705448317151371,60,0,Q1
5557,0.000705448317151371,59,0,Q1
5558,0.000705448317151371,50,0,Q1
5559,0.000705448317151371,56,0,Q1
5560,0.000705448317151371,51,0,Q1
5561,0.000705448317151371,48,0,Q1
5562,0.000705448317151371,60,0,Q1
5564,0.000705448317151371,69,0,Q1
5565,0.000705448317151371,68,0,Q1
5566,0.000705448317151371,52,0,Q1
5567,0.000705448317151371,39,0,Q1
5568,0.000705448317151371,70,0,Q1
5569,0.000705448317151371,61,0,Q1
5571,0.000705448317151371,98,0,Q1
5572,0.000705448317151371,90,0,Q1
5573,0.000705448317151371,81,0,Q1
5574,0.000705448317151371,79,0,Q1
5575,0.000705448317151371,89,0,Q1
5578,0.000705448317151371,79,0,Q1
5579,0.000705448317151371,65,0,Q1
5580,0.000705448317151371,52,0,Q1
5581,0.000705448317151371,74,0,Q1
5582,0.000705448317151371,75,0,Q1
5583,0.000705448317151371,85,0,Q1
5585,0.000705448317151371,71,0,Q1
5586,0.000705448317151371,73,0,Q1
5587,0.000705448317151371,71,0,Q1
5588,0.000705448317151371,75,0,Q1
5589,0.000705448317151371,69,0,Q1
5590,0.000705448317151371,68,0,Q1
5592,0.000705448317151371,69,0,Q1
5593,0.000705448317151371,75,0,Q1
5594,0.000705448317151371,60,0,Q1
5595,0.000705448317151371,60,0,Q1
5596,0.000705448317151371,68,0,Q1
5598,0.000705448317151371,1,0,Q1
5599,0.000705448317151371,60,0,Q1
5600,0.000705448317151371,47,0,Q1
5601,0.000705448317151371,65,0,Q1
5602,0.000705448317151371,49,0,Q1
5603,0.000705448317151371,55,0,Q1
5604,0.000705448317151371,51,0,Q1
5606,0.000705448317151371,64,0,Q1
5607,0.000705448317151371,50,0,Q1
5608,0.000705448317151371,60,0,Q1
5609,0.000705448317151371,60,0,Q1
5610,0.000705448317151371,69,0,Q1
5611,0.000705448317151371,57,0,Q1
5613,0.000705448317151371,107,0,Q1
5614,0.000705448317151371,92,0,Q1
5615,0.000705448317151371,67,0,Q1
5616,0.000705448317151371,74,0,Q1
5617,0.000705448317151371,76,0,Q1
5618,0.000705448317151371,51,0,Q1
5620,0.000705448317151371,90,0,Q1
5621,0.000705448317151371,75,0,Q1
5622,0.000705448317151371,41,0,Q1
5623,0.000705448317151371,71,0,Q1
5624,0.000705448317151371,103,0,Q1
5625,0.000705448317151371,77,0,Q1
5627,0.000705448317151371,85,0,Q1
5628,0.000705448317151371,60,0,Q1
5629,0.000705448317151371,71,0,Q1
5630,0.000705448317151371,48,0,Q1
5631,0.000705448317151371,89,0,Q1
5632,0.000705448317151371,56,0,Q1
5634,0.000705448317151371,94,0,Q1
5635,0.000705448317151371,64,0,Q1
5636,0.000705448317151371,53,0,Q1
5637,0.000705448317151371,59,0,Q1
5638,0.000705448317151371,68,0,Q1
5643,0.000705448317151371,31,0,Q1
5644,0.000705448317151371,61,0,Q1
5645,0.000705448317151371,48,0,Q1
5646,0.000705448317151371,76,0,Q1
5648,0.000705448317151371,85,0,Q1
5649,0.000705448317151371,33,0,Q1
5650,0.000705448317151371,58,0,Q1
5651,0.000705448317151371,64,0,Q1
5652,0.000705448317151371,47,0,Q1
5653,0.000705448317151371,55,0,Q1
5655,0.000705448317151371,71,0,Q1
5656,0.000705448317151371,88,0,Q1
5657,0.000705448317151371,64,0,Q1
5658,0.000705448317151371,64,0,Q1
5659,0.000705448317151371,58,0,Q1
5660,0.000705448317151371,58,0,Q1
5662,0.000705448317151371,98,0,Q1
5663,0.000705448317151371,61,0,Q1
5664,0.000705448317151371,44,0,Q1
5665,0.000705448317151371,66,0,Q1
5666,0.000705448317151371,71,0,Q1
5667,0.000705448317151371,62,0,Q1
5669,0.000705448317151371,63,0,Q1
5670,0.000705448317151371,69,0,Q1
5671,0.000705448317151371,46,0,Q1
5672,0.000705448317151371,54,0,Q1
5673,0.000705448317151371,58,0,Q1
5674,0.000705448317151371,52,0,Q1
5676,0.000705448317151371,48,0,Q1
5677,0.000705448317151371,55,0,Q1
5678,0.000705448317151371,52,0,Q1
5679,0.000705448317151371,46,0,Q1
5680,0.000705448317151371,42,0,Q1
5681,0.000705448317151371,62,0,Q1
5683,0.000705448317151371,50,0,Q1
5684,0.000705448317151371,61,0,Q1
5685,0.000705448317151371,57,0,Q1
5686,0.000705448317151371,43,0,Q1
5687,0.000705448317151371,46,0,Q1
5688,0.000705448317151371,44,0,Q1
5690,0.000705448317151371,51,0,Q1
5691,0.000705448317151371,33,0,Q1
5692,0.000705448317151371,37,0,Q1
5693,0.000705448317151371,50,0,Q1
5694,0.000705448317151371,50,0,Q1
5695,0.000705448317151371,46,0,Q1
5697,0.000705448317151371,65,0,Q1
5698,0.000705448317151371,46,0,Q1
5699,0.000705448317151371,49,0,Q1
5700,0.000705448317151371,58,0,Q1
5701,0.000705448317151371,45,0,Q1
5702,0.000705448317151371,21,0,Q1
5704,0.000705448317151371,59,0,Q1
5705,0.000705448317151371,44,0,Q1
5706,0.000705448317151371,36,0,Q1
5707,0.000705448317151371,43,0,Q1
5708,0.000705448317151371,59,0,Q1
5709,0.000705448317151371,6,0,Q1
5711,0.000705448317151371,37,0,Q1
5712,0.000705448317151371,45,0,Q1
5713,0.000705448317151371,25,0,Q1
5714,0.000705448317151371,19,0,Q1
5715,0.000705448317151371,29,0,Q1
5716,0.000705448317151371,39,0,Q1
5732,0.000705448317151371,36,0,Q1
5733,0.000705448317151371,36,0,Q1
5734,0.000705448317151371,32,0,Q1
5735,0.000705448317151371,66,0,Q1
5736,0.000705448317151371,40,0,Q1
5737,0.000705448317151371,52,0,Q1
5739,0.000705448317151371,39,0,Q1
5740,0.000705448317151371,64,0,Q1
5741,0.000705448317151371,38,0,Q1
5742,0.000705448317151371,53,0,Q1
5743,0.000705448317151371,38,0,Q1
5744,0.000705448317151371,56,0,Q1
5746,0.000705448317151371,49,0,Q1
5747,0.000705448317151371,43,0,Q1
5748,0.000705448317151371,46,0,Q1
5749,0.000705448317151371,34,0,Q1
5750,0.000705448317151371,61,0,Q1
5751,0.000705448317151371,50,0,Q1
5753,0.000705448317151371,64,0,Q1
5754,0.000705448317151371,33,0,Q1
5755,0.000705448317151371,40,0,Q1
5756,0.000705448317151371,47,0,Q1
5757,0.000705448317151371,36,0,Q1
5758,0.000705448317151371,48,0,Q1
5760,0.000705448317151371,55,0,Q1
5761,0.000705448317151371,59,0,Q1
5762,0.000705448317151371,50,0,Q1
5763,0.000705448317151371,72,0,Q1
5764,0.000705448317151371,26,0,Q1
5765,0.000705448317151371,23,0,Q1
5767,0.000705448317151371,60,0,Q1
5768,0.000705448317151371,39,0,Q1
5769,0.000705448317151371,37,0,Q1
5770,0.000705448317151371,34,0,Q1
5771,0.000705448317151371,46,0,Q1
5772,0.000705448317151371,43,0,Q1
5774,0.000705448317151371,16,0,Q1
5775,0.000705448317151371,38,0,Q1
5776,0.000705448317151371,30,0,Q1
5777,0.000705448317151371,31,0,Q1
5778,0.000705448317151371,21,0,Q1
5779,0.000705448317151371,22,0,Q1
5781,0.000705448317151371,30,0,Q1
5782,0.000705448317151371,33,0,Q1
5783,0.000705448317151371,14,0,Q1
5784,0.000705448317151371,29,0,Q1
5785,0.000705448317151371,32,0,Q1
5786,0.000705448317151371,36,0,Q1
5788,0.000705448317151371,22,0,Q1
5789,0.000705448317151371,30,0,Q1
5790,0.000705448317151371,49,0,Q1
5791,0.000705448317151371,19,0,Q1
5792,0.000705448317151371,31,0,Q1
5793,0.000705448317151371,26,0,Q1
5795,0.000705448317151371,30,0,Q1
5796,0.000705448317151371,27,0,Q1
5797,0.000705448317151371,21,0,Q1
5798,0.000705448317151371,30,0,Q1
5799,0.000705448317151371,33,0,Q1
5800,0.000705448317151371,56,0,Q1
5802,0.000705448317151371,41,0,Q1
5803,0.000705448317151371,14,0,Q1
5804,0.000705448317151371,19,0,Q1
5805,0.000705448317151371,35,0,Q1
5806,0.000705448317151371,26,0,Q1
5807,0.000705448317151371,21,0,Q1
5809,0.000705448317151371,9,0,Q1
5810,0.000705448317151371,24,0,Q1
5811,0.000705448317151371,18,0,Q1
5812,0.000705448317151371,26,0,Q1
5813,0.000705448317151371,15,0,Q1
5814,0.000705448317151371,16,0,Q1
5816,0.000705448317151371,18,0,Q1
5817,0.000705448317151371,15,0,Q1
5818,0.000705448317151371,20,0,Q1
5819,0.000705448317151371,19,0,Q1
5820,0.000705448317151371,22,0,Q1
5821,0.000705448317151371,10,0,Q1
5823,0.000705448317151371,15,0,Q1
5824,0.000705448317151371,24,0,Q1
5825,0.000705448317151371,10,0,Q1
5826,0.000705448317151371,18,0,Q1
5827,0.000705448317151371,15,0,Q1
5828,0.000705448317151371,12,0,Q1
5830,0.000705448317151371,23,0,Q1
5831,0.000705448317151371,21,0,Q1
5832,0.000705448317151371,22,0,Q1
5833,0.000705448317151371,30,0,Q1
5834,0.000705448317151371,21,0,Q1
5835,0.000705448317151371,16,0,Q1
5837,0.000705448317151371,20,0,Q1
5838,0.000705448317151371,20,0,Q1
5839,0.000705448317151371,24,0,Q1
5840,0.000705448317151371,12,0,Q1
5841,0.000705448317151371,16,0,Q1
5842,0.000705448317151371,22,0,Q1
5844,0.000705448317151371,36,0,Q1
5845,0.000705448317151371,10,0,Q1
5846,0.000705448317151371,10,0,Q1
5847,0.000705448317151371,11,0,Q1
5848,0.000705448317151371,21,0,Q1
5851,0.000705448317151371,16,0,Q1
5852,0.000705448317151371,20,0,Q1
5853,0.000705448317151371,22,0,Q1
5854,0.000705448317151371,18,0,Q1
5855,0.000705448317151371,24,0,Q1
5856,0.000705448317151371,10,0,Q1
5858,0.000705448317151371,16,0,Q1
5859,0.000705448317151371,24,0,Q1
5860,0.000705448317151371,27,0,Q1
5861,0.000705448317151371,22,0,Q1
5862,0.000705448317151371,14,0,Q1
5863,0.000705448317151371,21,0,Q1
5865,0.000705448317151371,17,0,Q1
5866,0.000705448317151371,13,0,Q1
5867,0.000705448317151371,22,0,Q1
5868,0.000705448317151371,18,0,Q1
5869,0.000705448317151371,28,0,Q1
5870,0.000705448317151371,30,0,Q1
5871,0.000705448317151371,2,0,Q1
5872,0.000705448317151371,25,0,Q1
5873,0.000705448317151371,21,0,Q1
5874,0.000705448317151371,20,0,Q1
5875,0.000705448317151371,12,0,Q1
5876,0.000705448317151371,16,0,Q1
5877,0.000705448317151371,19,0,Q1
5879,0.000705448317151371,18,0,Q1
5880,0.000705448317151371,15,0,Q1
5881,0.000705448317151371,18,0,Q1
5882,0.000705448317151371,21,0,Q1
5883,0.000705448317151371,29,0,Q1
5884,0.000705448317151371,19,0,Q1
5886,0.000705448317151371,15,0,Q1
5887,0.000705448317151371,12,0,Q1
5888,0.000705448317151371,12,0,Q1
5889,0.000705448317151371,17,0,Q1
5890,0.000705448317151371,17,0,Q1
5891,0.000705448317151371,14,0,Q1
5893,0.000705448317151371,6,0,Q1
5894,0.000705448317151371,23,0,Q1
5895,0.000705448317151371,12,0,Q1
5896,0.000705448317151371,30,0,Q1
5897,0.000705448317151371,24,0,Q1
5898,0.000705448317151371,8,0,Q1
5900,0.000705448317151371,25,0,Q1
5901,0.000705448317151371,13,0,Q1
5902,0.000705448317151371,14,0,Q1
5903,0.000705448317151371,3,0,Q1
5904,0.000705448317151371,18,0,Q1
5905,0.000705448317151371,23,0,Q1
5907,0.000705448317151371,17,0,Q1
5908,0.000705448317151371,9,0,Q1
5909,0.000705448317151371,18,0,Q1
5910,0.000705448317151371,11,0,Q1
5911,0.000705448317151371,5,0,Q1
5912,0.000705448317151371,13,0,Q1
5914,0.000705448317151371,17,0,Q1
5915,0.000705448317151371,14,0,Q1
5916,0.000705448317151371,13,0,Q1
5917,0.000705448317151371,10,0,Q1
5918,0.000705448317151371,8,0,Q1
5919,0.000705448317151371,18,0,Q1
5921,0.000705448317151371,18,0,Q1
5922,0.000705448317151371,14,0,Q1
5923,0.000705448317151371,10,0,Q1
5924,0.000705448317151371,8,0,Q1
5925,0.000705448317151371,6,0,Q1
5926,0.000705448317151371,11,0,Q1
5928,0.000705448317151371,17,0,Q1
5929,0.000705448317151371,7,0,Q1
5930,0.000705448317151371,20,0,Q1
5931,0.000705448317151371,13,0,Q1
5932,0.000705448317151371,11,0,Q1
5933,0.000705448317151371,24,0,Q1
5935,0.000705448317151371,13,0,Q1
5936,0.000705448317151371,10,0,Q1
5937,0.000705448317151371,16,0,Q1
5938,0.000705448317151371,13,0,Q1
5939,0.000705448317151371,8,0,Q1
5942,0.000705448317151371,13,0,Q1
5943,0.000705448317151371,13,0,Q1
5944,0.000705448317151371,22,0,Q1
5945,0.000705448317151371,15,0,Q1
5946,0.000705448317151371,4,0,Q1
5947,0.000705448317151371,9,0,Q1
5949,0.000705448317151371,13,0,Q1
5950,0.000705448317151371,18,0,Q1
5951,0.000705448317151371,11,0,Q1
5952,0.000705448317151371,15,0,Q1
5953,0.000705448317151371,12,0,Q1
5954,0.000705448317151371,15,0,Q1
5956,0.000705448317151371,16,0,Q1
5957,0.000705448317151371,6,0,Q1
5958,0.000705448317151371,14,0,Q1
5959,0.000705448317151371,20,0,Q1
5960,0.000705448317151371,15,0,Q1
5963,0.000705448317151371,18,0,Q1
5964,0.000705448317151371,13,0,Q1
5965,0.000705448317151371,18,0,Q1
5966,0.000705448317151371,24,0,Q1
5967,0.000705448317151371,11,0,Q1
5968,0.000705448317151371,13,0,Q1
5970,0.000705448317151371,7,0,Q1
5971,0.000705448317151371,12,0,Q1
5972,0.000705448317151371,11,0,Q1
5973,0.000705448317151371,8,0,Q1
5974,0.000705448317151371,10,0,Q1
5975,0.000705448317151371,5,0,Q1
5977,0.000705448317151371,3,0,Q1
5978,0.000705448317151371,6,0,Q1
5979,0.000705448317151371,5,0,Q1
5980,0.000705448317151371,3,0,Q1
5981,0.000705448317151371,6,0,Q1
5982,0.000705448317151371,3,0,Q1
6100,0.000705448317151371,1,0,Q1
0,0,4,0,Q2
11,0,1,0,Q2
22,0,1,0,Q2
25,0,1,0,Q2
26,0,1,0,Q2
47,0,1,0,Q2
56,0,1,0,Q2
66,0,1,0,Q2
75,2.0567456114871e-05,0,1,Q2
77,2.0567456114871e-05,1,0,Q2
82,2.0567456114871e-05,1,0,Q2
106,2.0567456114871e-05,1,0,Q2
112,2.0567456114871e-05,1,0,Q2
134,2.0567456114871e-05,1,0,Q2
159,2.0567456114871e-05,1,0,Q2
161,2.0567456114871e-05,1,0,Q2
163,2.0567456114871e-05,1,0,Q2
184,2.0567456114871e-05,1,0,Q2
188,2.0567456114871e-05,1,0,Q2
195,2.0567456114871e-05,1,0,Q2
204,2.0567456114871e-05,1,0,Q2
205,2.0567456114871e-05,1,0,Q2
232,2.0567456114871e-05,1,0,Q2
241,2.0567456114871e-05,1,0,Q2
255,2.0567456114871e-05,1,0,Q2
284,4.11421060893502e-05,0,1,Q2
293,4.11421060893502e-05,1,0,Q2
300,4.11421060893502e-05,2,0,Q2
303,4.11421060893502e-05,1,0,Q2
311,6.171887286272e-05,0,1,Q2
330,6.171887286272e-05,1,0,Q2
334,6.171887286272e-05,1,0,Q2
343,6.171887286272e-05,1,0,Q2
355,8.22973333888122e-05,0,1,Q2
357,8.22973333888122e-05,1,0,Q2
375,8.22973333888122e-05,1,0,Q2
386,8.22973333888122e-05,1,0,Q2
394,0.000102877487946574,0,1,Q2
395,0.000102877487946574,1,0,Q2
398,0.000102877487946574,1,0,Q2
400,0.000102877487946574,1,0,Q2
410,0.000102877487946574,2,0,Q2
422,0.000102877487946574,1,0,Q2
424,0.000102877487946574,1,0,Q2
436,0.000102877487946574,1,0,Q2
437,0.000102877487946574,1,0,Q2
440,0.000102877487946574,1,0,Q2
441,0.000102877487946574,1,0,Q2
463,0.000102877487946574,1,0,Q2
479,0.000123463150033632,0,1,Q2
504,0.000123463150033632,1,0,Q2
507,0.000123463150033632,1,0,Q2
527,0.000123463150033632,1,0,Q2
530,0.000123463150033632,1,0,Q2
531,0.000123463150033632,1,0,Q2
532,0.000123463150033632,1,0,Q2
538,0.000144051778934605,0,1,Q2
552,0.000144051778934605,1,0,Q2
556,0.000185231156308168,0,2,Q2
561,0.000185231156308168,1,0,Q2
569,0.000185231156308168,1,0,Q2
601,0.000185231156308168,1,0,Q2
605,0.000185231156308168,1,0,Q2
607,0.000185231156308168,2,0,Q2
626,0.000185231156308168,1,0,Q2
639,0.000185231156308168,1,0,Q2
654,0.000185231156308168,1,0,Q2
661,0.000185231156308168,1,0,Q2
676,0.000185231156308168,1,0,Q2
685,0.000185231156308168,1,0,Q2
689,0.000185231156308168,1,0,Q2
698,0.000185231156308168,1,0,Q2
699,0.000185231156308168,1,0,Q2
701,0.000185231156308168,1,0,Q2
702,0.000185231156308168,1,0,Q2
711,0.000185231156308168,1,0,Q2
721,0.000185231156308168,1,0,Q2
738,0.000185231156308168,1,0,Q2
742,0.000185231156308168,1,0,Q2
746,0.000185231156308168,2,0,Q2
754,0.000185231156308168,1,0,Q2
767,0.000185231156308168,1,0,Q2
787,0.000185231156308168,1,0,Q2
794,0.000185231156308168,1,0,Q2
796,0.000185231156308168,1,0,Q2
798,0.000205833358684404,1,1,Q2
799,0.000226436409997097,0,1,Q2
807,0.000226436409997097,1,0,Q2
811,0.000226436409997097,1,0,Q2
834,0.000226436409997097,1,0,Q2
838,0.000226436409997097,1,0,Q2
841,0.000226436409997097,1,0,Q2
842,0.000226436409997097,1,0,Q2
851,0.000226436409997097,1,0,Q2
853,0.000226436409997097,1,0,Q2
857,0.000226436409997097,2,0,Q2
874,0.000226436409997097,1,0,Q2
877,0.000226436409997097,1,0,Q2
893,0.000226436409997097,1,0,Q2
895,0.000247045405824525,0,1,Q2
907,0.000247045405824525,1,0,Q2
919,0.000247045405824525,1,0,Q2
929,0.000247045405824525,1,0,Q2
936,0.000267656100714813,0,1,Q2
944,0.000267656100714813,1,0,Q2
953,0.000267656100714813,1,0,Q2
958,0.000288268070086139,0,1,Q2
967,0.000288268070086139,1,0,Q2
978,0.000288268070086139,1,0,Q2
987,0.000288268070086139,1,0,Q2
988,0.000288268070086139,1,0,Q2
989,0.000288268070086139,1,0,Q2
993,0.000288268070086139,1,0,Q2
1001,0.000288268070086139,1,0,Q2
1010,0.000288268070086139,1,0,Q2
1032,0.000288268070086139,1,0,Q2
1054,0.000288268070086139,1,0,Q2
1062,0.000288268070086139,1,0,Q2
1066,0.000308885138958138,0,1,Q2
1068,0.00032950263290243,0,1,Q2
1089,0.00032950263290243,1,0,Q2
1090,0.00032950263290243,1,0,Q2
1091,0.00032950263290243,1,0,Q2
1099,0.00032950263290243,2,0,Q2
1103,0.00032950263290243,1,0,Q2
1104,0.00032950263290243,1,0,Q2
1115,0.00032950263290243,1,0,Q2
1129,0.00032950263290243,1,0,Q2
1135,0.00032950263290243,1,0,Q2
1141,0.00032950263290243,1,0,Q2
1153,0.00032950263290243,1,0,Q2
1157,0.00032950263290243,1,0,Q2
1158,0.00032950263290243,1,0,Q2
1165,0.00032950263290243,1,0,Q2
1174,0.00032950263290243,1,0,Q2
1177,0.000350127355758495,0,1,Q2
1183,0.000350127355758495,1,0,Q2
1197,0.000350127355758495,1,0,Q2
1210,0.00037075335483102,0,1,Q2
1224,0.00037075335483102,1,0,Q2
1241,0.00037075335483102,1,0,Q2
1244,0.00037075335483102,1,0,Q2
1251,0.00037075335483102,1,0,Q2
1261,0.00037075335483102,1,0,Q2
1265,0.00037075335483102,1,0,Q2
1275,0.00037075335483102,2,0,Q2
1276,0.00037075335483102,1,0,Q2
1288,0.000391383609099583,0,1,Q2
1291,0.000391383609099583,1,0,Q2
1298,0.000391383609099583,1,0,Q2
1304,0.000391383609099583,1,0,Q2
1309,0.000391383609099583,1,0,Q2
1319,0.000391383609099583,1,0,Q2
1321,0.000391383609099583,1,0,Q2
1332,0.000391383609099583,1,0,Q2
1337,0.000391383609099583,1,0,Q2
1339,0.000391383609099583,1,0,Q2
1343,0.000391383609099583,1,0,Q2
1345,0.000391383609099583,1,0,Q2
1347,0.000391383609099583,1,0,Q2
1353,0.000391383609099583,1,0,Q2
1356,0.00041201982359313,0,1,Q2
1391,0.00041201982359313,1,0,Q2
1392,0.00041201982359313,1,0,Q2
1422,0.00041201982359313,1,0,Q2
1425,0.00041201982359313,2,0,Q2
1429,0.00041201982359313,1,0,Q2
1431,0.00041201982359313,2,0,Q2
1434,0.00041201982359313,1,0,Q2
1435,0.00041201982359313,1,0,Q2
1441,0.00041201982359313,2,0,Q2
1442,0.00041201982359313,1,0,Q2
1445,0.00041201982359313,1,0,Q2
1449,0.00041201982359313,1,0,Q2
1459,0.00041201982359313,1,0,Q2
1462,0.00041201982359313,1,0,Q2
1469,0.00041201982359313,2,0,Q2
1472,0.00041201982359313,1,0,Q2
1474,0.00041201982359313,1,0,Q2
1485,0.00041201982359313,1,0,Q2
1493,0.000432665837364847,0,1,Q2
1494,0.000453312277403139,0,1,Q2
1496,0.000453312277403139,1,0,Q2
1498,0.000453312277403139,1,0,Q2
1500,0.000453312277403139,1,0,Q2
1512,0.000453312277403139,1,0,Q2
1522,0.000453312277403139,1,0,Q2
1527,0.000453312277403139,1,0,Q2
1537,0.000473961701801134,2,1,Q2
1549,0.000473961701801134,1,0,Q2
1553,0.000473961701801134,1,0,Q2
1562,0.000473961701801134,1,0,Q2
1563,0.000473961701801134,1,0,Q2
1574,0.000473961701801134,1,0,Q2
1577,0.000473961701801134,1,0,Q2
1578,0.000473961701801134,1,0,Q2
1581,0.000473961701801134,1,0,Q2
1591,0.000473961701801134,1,0,Q2
1605,0.000473961701801134,1,0,Q2
1607,0.000473961701801134,1,0,Q2
1615,0.000473961701801134,1,0,Q2
1622,0.000473961701801134,1,0,Q2
1627,0.000473961701801134,1,0,Q2
1628,0.000473961701801134,1,0,Q2
1631,0.000473961701801134,1,0,Q2
1634,0.000473961701801134,1,0,Q2
1639,0.000473961701801134,1,0,Q2
1643,0.000473961701801134,1,0,Q2
1648,0.000473961701801134,1,0,Q2
1652,0.000473961701801134,1,0,Q2
1659,0.000473961701801134,1,0,Q2
1663,0.000473961701801134,1,0,Q2
1670,0.000473961701801134,1,0,Q2
1674,0.000473961701801134,1,0,Q2
1680,0.000473961701801134,1,0,Q2
1690,0.000473961701801134,1,0,Q2
1696,0.000473961701801134,1,0,Q2
1701,0.000473961701801134,1,0,Q2
1704,0.000473961701801134,2,0,Q2
1709,0.000473961701801134,1,0,Q2
1714,0.000473961701801134,1,0,Q2
1731,0.000494626487973003,0,1,Q2
1733,0.000494626487973003,1,0,Q2
1737,0.000494626487973003,1,0,Q2
1744,0.000494626487973003,1,0,Q2
1757,0.000494626487973003,1,0,Q2
1758,0.000494626487973003,1,0,Q2
1759,0.000494626487973003,1,0,Q2
1764,0.000494626487973003,1,0,Q2
1765,0.000494626487973003,1,0,Q2
1767,0.000494626487973003,1,0,Q2
1770,0.000494626487973003,1,0,Q2
1783,0.000494626487973003,1,0,Q2
1787,0.000494626487973003,1,0,Q2
1789,0.000494626487973003,2,0,Q2
1790,0.000494626487973003,1,0,Q2
1792,0.000494626487973003,1,0,Q2
1793,0.000494626487973003,1,0,Q2
1811,0.000494626487973003,1,0,Q2
1816,0.000494626487973003,1,0,Q2
1819,0.000494626487973003,2,0,Q2
1822,0.000494626487973003,2,0,Q2
1823,0.000494626487973003,1,0,Q2
1826,0.000494626487973003,1,0,Q2
1828,0.000494626487973003,1,0,Q2
1829,0.000494626487973003,1,0,Q2
1834,0.000494626487973003,1,0,Q2
1837,0.000494626487973003,1,0,Q2
1838,0.000494626487973003,1,0,Q2
1839,0.000494626487973003,1,0,Q2
1840,0.000494626487973003,1,0,Q2
1848,0.000494626487973003,1,0,Q2
1849,0.000494626487973003,1,0,Q2
1852,0.000515306231131323,0,1,Q2
1854,0.000515306231131323,1,0,Q2
1855,0.000515306231131323,1,0,Q2
1862,0.000515306231131323,1,0,Q2
1870,0.000515306231131323,1,0,Q2
1871,0.000515306231131323,1,0,Q2
1875,0.000515306231131323,2,0,Q2
1884,0.000515306231131323,1,0,Q2
1885,0.000515306231131323,1,0,Q2
1895,0.000515306231131323,1,0,Q2
1896,0.000515306231131323,2,0,Q2
1897,0.000535991535257791,0,1,Q2
1903,0.000556677267274806,0,1,Q2
1905,0.000556677267274806,1,0,Q2
1924,0.000556677267274806,1,0,Q2
1926,0.000556677267274806,1,0,Q2
1931,0.000556677267274806,1,0,Q2
1932,0.000556677267274806,1,0,Q2
1933,0.000556677267274806,1,0,Q2
1964,0.000556677267274806,1,0,Q2
1970,0.000556677267274806,1,0,Q2
1972,0.000556677267274806,1,0,Q2
1973,0.000556677267274806,1,0,Q2
1975,0.000556677267274806,1,0,Q2
1980,0.000556677267274806,3,0,Q2
1981,0.000556677267274806,1,0,Q2
1987,0.000556677267274806,1,0,Q2
1993,0.000556677267274806,1,0,Q2
2000,0.000556677267274806,1,0,Q2
2002,0.000556677267274806,1,0,Q2
2008,0.000556677267274806,2,0,Q2
2016,0.000556677267274806,1,0,Q2
2024,0.000556677267274806,1,0,Q2
2025,0.000556677267274806,1,0,Q2
2027,0.000556677267274806,1,0,Q2
2029,0.000577374130665857,0,1,Q2
2032,0.000577374130665857,1,0,Q2
2034,0.000577374130665857,1,0,Q2
2036,0.000577374130665857,1,0,Q2
2040,0.000577374130665857,1,0,Q2
2044,0.000598073136079437,0,1,Q2
2045,0.000598073136079437,1,0,Q2
2054,0.000598073136079437,1,0,Q2
2055,0.000598073136079437,1,0,Q2
2056,0.000598073136079437,1,0,Q2
2057,0.000598073136079437,1,0,Q2
2060,0.000598073136079437,1,0,Q2
2065,0.000618775141069416,0,1,Q2
2075,0.000618775141069416,1,0,Q2
2076,0.000618775141069416,1,0,Q2
2077,0.000618775141069416,1,0,Q2
2078,0.000618775141069416,1,0,Q2
2089,0.000618775141069416,1,0,Q2
2091,0.000639479717816867,0,1,Q2
2094,0.000639479717816867,1,0,Q2
2102,0.000639479717816867,1,0,Q2
2104,0.000639479717816867,1,0,Q2
2107,0.000639479717816867,1,0,Q2
2124,0.000639479717816867,1,0,Q2
2125,0.000639479717816867,1,0,Q2
2129,0.000639479717816867,1,0,Q2
2134,0.000639479717816867,1,0,Q2
2136,0.000639479717816867,1,0,Q2
2138,0.000639479717816867,1,0,Q2
2150,0.000639479717816867,1,0,Q2
2152,0.000639479717816867,1,0,Q2
2163,0.000639479717816867,1,0,Q2
2166,0.000639479717816867,1,0,Q2
2173,0.000639479717816867,1,0,Q2
2180,0.000639479717816867,1,0,Q2
2187,0.000639479717816867,1,0,Q2
2188,0.000639479717816867,2,0,Q2
2189,0.000660192871705981,0,1,Q2
2191,0.000660192871705981,1,0,Q2
2195,0.00068090688370013,0,1,Q2
2201,0.00068090688370013,1,0,Q2
2203,0.000701621753870418,0,1,Q2
2204,0.000701621753870418,1,0,Q2
2205,0.000701621753870418,1,0,Q2
2211,0.000701621753870418,1,0,Q2
2223,0.000701621753870418,1,0,Q2
2229,0.000701621753870418,1,0,Q2
2230,0.000701621753870418,1,0,Q2
2236,0.000701621753870418,1,0,Q2
2245,0.000701621753870418,2,0,Q2
2250,0.000701621753870418,1,0,Q2
2252,0.000701621753870418,1,0,Q2
2260,0.000701621753870418,1,0,Q2
2270,0.000701621753870418,1,0,Q2
2271,0.000701621753870418,1,0,Q2
2286,0.000701621753870418,1,0,Q2
2288,0.00072234349201064,1,1,Q2
2290,0.00072234349201064,1,0,Q2
2296,0.00072234349201064,1,0,Q2
2300,0.00072234349201064,1,0,Q2
2303,0.00072234349201064,1,0,Q2
2323,0.00072234349201064,2,0,Q2
2336,0.00072234349201064,1,0,Q2
2337,0.00072234349201064,1,0,Q2
2338,0.00072234349201064,1,0,Q2
2340,0.000743069954522392,0,1,Q2
2358,0.000743069954522392,1,0,Q2
2363,0.000743069954522392,1,0,Q2
2369,0.000743069954522392,1,0,Q2
2373,0.000743069954522392,1,0,Q2
2376,0.000743069954522392,1,0,Q2
2380,0.000743069954522392,1,0,Q2
2382,0.000743069954522392,1,0,Q2
2391,0.000763799854294066,0,1,Q2
2392,0.000763799854294066,1,0,Q2
2400,0.000763799854294066,1,0,Q2
2410,0.000763799854294066,1,0,Q2
2417,0.000784531473123302,0,1,Q2
2419,0.000805263521761467,0,1,Q2
2432,0.000825996000226273,1,1,Q2
2434,0.000825996000226273,1,0,Q2
2435,0.000825996000226273,2,0,Q2
2436,0.000825996000226273,1,0,Q2
2438,0.000825996000226273,1,0,Q2
2441,0.000825996000226273,1,0,Q2
2460,0.000825996000226273,1,0,Q2
2465,0.000825996000226273,1,0,Q2
2471,0.000825996000226273,1,0,Q2
2472,0.000825996000226273,1,0,Q2
2473,0.000825996000226273,1,0,Q2
2478,0.000825996000226273,1,0,Q2
2488,0.000825996000226273,2,0,Q2
2497,0.000825996000226273,1,0,Q2
2502,0.000846735788473821,1,1,Q2
2503,0.000846735788473821,2,0,Q2
2506,0.000846735788473821,1,0,Q2
2510,0.000846735788473821,1,0,Q2
2522,0.000846735788473821,1,0,Q2
2533,0.000846735788473821,1,0,Q2
2544,0.000846735788473821,1,0,Q2
2545,0.000846735788473821,1,0,Q2
2549,0.000846735788473821,1,0,Q2
2574,0.000846735788473821,1,0,Q2
2577,0.000846735788473821,1,0,Q2
2581,0.000846735788473821,2,0,Q2
2582,0.000867482030811341,0,1,Q2
2589,0.000867482030811341,1,0,Q2
2609,0.000867482030811341,1,0,Q2
2616,0.000888229564448993,0,1,Q2
2623,0.000888229564448993,1,0,Q2
2626,0.000888229564448993,1,0,Q2
2632,0.000908978389547565,0,1,Q2
2653,0.000908978389547565,2,0,Q2
2655,0.000908978389547565,1,0,Q2
2661,0.000929728936844,0,1,Q2
2670,0.000950479914734584,0,1,Q2
2673,0.000950479914734584,1,0,Q2
2676,0.000950479914734584,1,0,Q2
2709,0.000950479914734584,1,0,Q2
2719,0.000971232615180465,0,1,Q2
2720,0.000971232615180465,1,0,Q2
2724,0.000991986177011269,0,1,Q2
2730,0.000991986177011269,1,0,Q2
2731,0.000991986177011269,1,0,Q2
2741,0.000991986177011269,1,0,Q2
2745,0.000991986177011269,1,0,Q2
2757,0.000991986177011269,2,0,Q2
2799,0.000991986177011269,1,0,Q2
2809,0.000991986177011269,1,0,Q2
2820,0.000991986177011269,1,0,Q2
2828,0.000991986177011269,1,0,Q2
2831,0.000991986177011269,1,0,Q2
2841,0.00101274490865346,0,1,Q2
2846,0.00101274490865346,2,0,Q2
2856,0.00101274490865346,1,0,Q2
2857,0.00101274490865346,1,0,Q2
2867,0.00101274490865346,1,0,Q2
2872,0.00101274490865346,1,0,Q2
2873,0.00101274490865346,1,0,Q2
2882,0.00101274490865346,2,0,Q2
2886,0.00101274490865346,1,0,Q2
2889,0.00101274490865346,1,0,Q2
2892,0.00101274490865346,1,0,Q2
2897,0.00103350924383209,0,1,Q2
2904,0.00105427401017729,1,1,Q2
2910,0.00105427401017729,1,0,Q2
2925,0.00105427401017729,1,0,Q2
2933,0.00105427401017729,1,0,Q2
2939,0.0010750409326239,0,1,Q2
2940,0.0010750409326239,1,0,Q2
2946,0.0010750409326239,1,0,Q2
2953,0.0010750409326239,1,0,Q2
2955,0.0010958095802742,0,1,Q2
2956,0.0010958095802742,1,0,Q2
2958,0.0010958095802742,1,0,Q2
2977,0.00111657952201529,0,1,Q2
2985,0.00113734989515581,0,1,Q2
2986,0.00113734989515581,1,0,Q2
3003,0.00113734989515581,2,0,Q2
3007,0.00115812199407334,0,1,Q2
3009,0.00115812199407334,1,0,Q2
3016,0.00115812199407334,1,0,Q2
3021,0.00115812199407334,1,0,Q2
3032,0.00115812199407334,1,0,Q2
3043,0.00117889625061529,0,1,Q2
3045,0.00117889625061529,1,0,Q2
3048,0.0011996713703327,0,1,Q2
3055,0.0011996713703327,1,0,Q2
3058,0.0011996713703327,1,0,Q2
3060,0.0011996713703327,1,0,Q2
3065,0.00122044821661598,0,1,Q2
3066,0.00124122549458557,0,1,Q2
3073,0.00124122549458557,1,0,Q2
3085,0.00126200363598155,0,1,Q2
3087,0.00126200363598155,1,0,Q2
3088,0.00128278264087578,0,1,Q2
3111,0.00128278264087578,1,0,Q2
3121,0.00128278264087578,1,0,Q2
3129,0.00128278264087578,1,0,Q2
3135,0.00128278264087578,1,0,Q2
3141,0.00128278264087578,1,0,Q2
3151,0.00128278264087578,1,0,Q2
3172,0.00128278264087578,1,0,Q2
3173,0.00130356510048055,0,1,Q2
3178,0.00132434799200492,0,1,Q2
3179,0.00134513131546685,0,1,Q2
3186,0.00134513131546685,1,0,Q2
3195,0.00134513131546685,1,0,Q2
3196,0.00134513131546685,1,0,Q2
3197,0.00134513131546685,1,0,Q2
3199,0.00134513131546685,1,0,Q2
3211,0.00134513131546685,1,0,Q2
3213,0.00134513131546685,1,0,Q2
3216,0.00134513131546685,2,0,Q2
3218,0.00134513131546685,1,0,Q2
3222,0.00134513131546685,1,0,Q2
3226,0.00134513131546685,1,0,Q2
3228,0.00134513131546685,2,0,Q2
3233,0.00134513131546685,1,0,Q2
3239,0.00134513131546685,1,0,Q2
3285,0.00136592198461524,0,1,Q2
3293,0.00136592198461524,1,0,Q2
3298,0.00136592198461524,1,0,Q2
3310,0.00138671395060034,1,1,Q2
3328,0.00140750678123301,0,1,Q2
3329,0.00140750678123301,1,0,Q2
3332,0.00140750678123301,1,0,Q2
3345,0.00140750678123301,1,0,Q2
3352,0.00140750678123301,1,0,Q2
3353,0.00140750678123301,1,0,Q2
3359,0.00140750678123301,1,0,Q2
3368,0.00140750678123301,1,0,Q2
3380,0.00140750678123301,1,0,Q2
3382,0.00140750678123301,1,0,Q2
3384,0.00140750678123301,1,0,Q2
3408,0.00140750678123301,1,0,Q2
3411,0.00140750678123301,2,0,Q2
3420,0.00140750678123301,1,0,Q2
3422,0.00142830609901607,0,1,Q2
3431,0.00144910584941976,0,1,Q2
3436,0.00144910584941976,1,0,Q2
3440,0.00144910584941976,1,0,Q2
3445,0.00144910584941976,1,0,Q2
3450,0.00146990733048596,0,1,Q2
3470,0.00146990733048596,1,0,Q2
3478,0.0014907096769914,0,1,Q2
3480,0.00151151245624346,0,1,Q2
3487,0.00151151245624346,1,0,Q2
3488,0.00151151245624346,1,0,Q2
3511,0.00151151245624346,1,0,Q2
3529,0.00151151245624346,1,0,Q2
3540,0.00151151245624346,1,0,Q2
3542,0.00151151245624346,1,0,Q2
3549,0.00151151245624346,1,0,Q2
3557,0.00151151245624346,1,0,Q2
3563,0.00151151245624346,1,0,Q2
3565,0.00153231956395222,0,1,Q2
3576,0.00153231956395222,1,0,Q2
3578,0.00153231956395222,1,0,Q2
3586,0.00153231956395222,1,0,Q2
3596,0.00153231956395222,1,0,Q2
3606,0.00153231956395222,1,0,Q2
3611,0.00153231956395222,1,0,Q2
3615,0.00153231956395222,1,0,Q2
3630,0.00153231956395222,1,0,Q2
3635,0.00153231956395222,1,0,Q2
3646,0.00155313100191937,0,1,Q2
3661,0.00155313100191937,1,0,Q2
3666,0.00157394330615431,0,1,Q2
3670,0.00157394330615431,1,0,Q2
3678,0.00157394330615431,1,0,Q2
3682,0.00157394330615431,1,0,Q2
3691,0.00157394330615431,1,0,Q2
3692,0.00159475777637482,1,1,Q2
3693,0.00159475777637482,1,0,Q2
3696,0.00161557354640298,0,1,Q2
3703,0.00161557354640298,2,0,Q2
3708,0.00161557354640298,1,0,Q2
3710,0.00161557354640298,1,0,Q2
3728,0.00161557354640298,1,0,Q2
3741,0.00161557354640298,1,0,Q2
3745,0.00163639234994715,1,1,Q2
3748,0.00163639234994715,2,0,Q2
3753,0.00163639234994715,1,0,Q2
3761,0.00163639234994715,2,0,Q2
3782,0.00163639234994715,1,0,Q2
3797,0.00163639234994715,1,0,Q2
3808,0.00163639234994715,1,0,Q2
3815,0.00163639234994715,1,0,Q2
3823,0.00163639234994715,1,0,Q2
3824,0.00163639234994715,1,0,Q2
3825,0.00163639234994715,1,0,Q2
3826,0.00163639234994715,1,0,Q2
3830,0.00163639234994715,1,0,Q2
3832,0.00163639234994715,1,0,Q2
3836,0.00163639234994715,1,0,Q2
3837,0.00163639234994715,1,0,Q2
3842,0.00163639234994715,1,0,Q2
3857,0.00163639234994715,1,0,Q2
3860,0.00165722025934659,0,1,Q2
3882,0.00165722025934659,1,0,Q2
3883,0.00165722025934659,1,0,Q2
3886,0.00165722025934659,1,0,Q2
3893,0.00165722025934659,1,0,Q2
3900,0.00165722025934659,1,0,Q2
3906,0.00165722025934659,1,0,Q2
3920,0.00165722025934659,1,0,Q2
3927,0.00167805163973873,0,1,Q2
3938,0.00167805163973873,1,0,Q2
3939,0.00167805163973873,1,0,Q2
3942,0.00167805163973873,1,0,Q2
3952,0.00167805163973873,1,0,Q2
3968,0.00167805163973873,1,0,Q2
3975,0.00167805163973873,1,0,Q2
3976,0.00169888605819877,1,1,Q2
3985,0.00169888605819877,1,0,Q2
3987,0.00169888605819877,2,0,Q2
3995,0.00169888605819877,1,0,Q2
3996,0.00169888605819877,1,0,Q2
4005,0.001719723515613,1,1,Q2
4007,0.00174056184146265,0,1,Q2
4017,0.00174056184146265,1,0,Q2
4032,0.00174056184146265,2,0,Q2
4044,0.00174056184146265,1,0,Q2
4045,0.00174056184146265,2,0,Q2
4056,0.00174056184146265,1,0,Q2
4061,0.00176140364177808,2,1,Q2
4062,0.00176140364177808,1,0,Q2
4067,0.00176140364177808,1,0,Q2
4069,0.00176140364177808,1,0,Q2
4070,0.00176140364177808,1,0,Q2
4075,0.00176140364177808,2,0,Q2
4077,0.00176140364177808,1,0,Q2
4079,0.00176140364177808,1,0,Q2
4086,0.00176140364177808,1,0,Q2
4092,0.00178225065596523,0,1,Q2
4104,0.00178225065596523,2,0,Q2
4112,0.00178225065596523,1,0,Q2
4114,0.0018030994086894,0,1,Q2
4120,0.0018030994086894,2,0,Q2
4126,0.0018030994086894,1,0,Q2
4128,0.0018030994086894,1,0,Q2
4134,0.0018030994086894,1,0,Q2
4136,0.0018030994086894,1,0,Q2
4137,0.0018030994086894,1,0,Q2
4139,0.0018030994086894,1,0,Q2
4153,0.0018030994086894,1,0,Q2
4156,0.0018030994086894,1,0,Q2
4163,0.0018030994086894,1,0,Q2
4172,0.0018030994086894,1,0,Q2
4177,0.0018030994086894,3,0,Q2
4183,0.0018030994086894,1,0,Q2
4184,0.0018030994086894,1,0,Q2
4191,0.0018030994086894,1,0,Q2
4196,0.0018030994086894,1,0,Q2
4202,0.0018030994086894,2,0,Q2
4212,0.0018030994086894,1,0,Q2
4213,0.0018030994086894,1,0,Q2
4214,0.0018030994086894,1,0,Q2
4219,0.00182395903384263,0,1,Q2
4220,0.00182395903384263,2,0,Q2
4223,0.00184481996444953,0,1,Q2
4227,0.00186568133024383,0,1,Q2
4234,0.00186568133024383,2,0,Q2
4237,0.00186568133024383,1,0,Q2
4249,0.00186568133024383,1,0,Q2
4250,0.00186568133024383,1,0,Q2
4252,0.00186568133024383,1,0,Q2
4253,0.00186568133024383,1,0,Q2
4259,0.00186568133024383,2,0,Q2
4263,0.00186568133024383,1,0,Q2
4269,0.00188654748429933,0,1,Q2
4270,0.00188654748429933,2,0,Q2
4275,0.00188654748429933,2,0,Q2
4276,0.00188654748429933,1,0,Q2
4278,0.00190741625106023,0,1,Q2
4284,0.00190741625106023,1,0,Q2
4289,0.00190741625106023,1,0,Q2
4290,0.00190741625106023,2,0,Q2
4300,0.00190741625106023,1,0,Q2
4311,0.00192828763118103,1,1,Q2
4314,0.00192828763118103,1,0,Q2
4316,0.00192828763118103,1,0,Q2
4317,0.00192828763118103,1,0,Q2
4318,0.00194916118960172,0,1,Q2
4321,0.00194916118960172,2,0,Q2
4325,0.00194916118960172,1,0,Q2
4326,0.00194916118960172,2,0,Q2
4336,0.00194916118960172,1,0,Q2
4339,0.00194916118960172,1,0,Q2
4344,0.00194916118960172,1,0,Q2
4349,0.00194916118960172,1,0,Q2
4352,0.00194916118960172,1,0,Q2
4353,0.00194916118960172,2,0,Q2
4360,0.00194916118960172,1,0,Q2
4365,0.00194916118960172,1,0,Q2
4366,0.00194916118960172,2,0,Q2
4369,0.00197004215764415,0,1,Q2
4371,0.00197004215764415,1,0,Q2
4378,0.00197004215764415,1,0,Q2
4379,0.00197004215764415,2,0,Q2
4386,0.0019909253059884,0,1,Q2
4389,0.0019909253059884,1,0,Q2
4391,0.0019909253059884,1,0,Q2
4394,0.0019909253059884,2,0,Q2
4396,0.0019909253059884,1,0,Q2
4403,0.0019909253059884,2,0,Q2
4404,0.0019909253059884,1,0,Q2
4406,0.0019909253059884,2,0,Q2
4408,0.0019909253059884,2,0,Q2
4420,0.0019909253059884,1,0,Q2
4422,0.0019909253059884,1,0,Q2
4424,0.00201181499797067,1,1,Q2
4431,0.00201181499797067,1,0,Q2
4442,0.00201181499797067,1,0,Q2
4444,0.00201181499797067,1,0,Q2
4445,0.00201181499797067,2,0,Q2
4446,0.00203270774505423,0,1,Q2
4448,0.00203270774505423,1,0,Q2
4451,0.00203270774505423,1,0,Q2
4453,0.00203270774505423,3,0,Q2
4455,0.00203270774505423,1,0,Q2
4460,0.00203270774505423,1,0,Q2
4466,0.00203270774505423,2,0,Q2
4468,0.00203270774505423,1,0,Q2
4470,0.00203270774505423,1,0,Q2
4471,0.00203270774505423,1,0,Q2
4474,0.00203270774505423,1,0,Q2
4476,0.00203270774505423,1,0,Q2
4482,0.00203270774505423,1,0,Q2
4496,0.00203270774505423,1,0,Q2
4499,0.00203270774505423,1,0,Q2
4503,0.00205360835221761,0,1,Q2
4511,0.00205360835221761,1,0,Q2
4513,0.00207450983308833,1,1,Q2
4518,0.00207450983308833,1,0,Q2
4521,0.00207450983308833,1,0,Q2
4526,0.00207450983308833,1,0,Q2
4527,0.00209541349854676,1,1,Q2
4528,0.00209541349854676,1,0,Q2
4534,0.00209541349854676,1,0,Q2
4535,0.00209541349854676,1,0,Q2
4537,0.00209541349854676,1,0,Q2
4538,0.00209541349854676,1,0,Q2
4540,0.00209541349854676,1,0,Q2
4542,0.00209541349854676,1,0,Q2
4543,0.00209541349854676,1,0,Q2
4551,0.00209541349854676,1,0,Q2
4552,0.00209541349854676,1,0,Q2
4555,0.00209541349854676,1,0,Q2
4557,0.00209541349854676,1,0,Q2
4562,0.00209541349854676,1,0,Q2
4564,0.00209541349854676,1,0,Q2
4566,0.00209541349854676,1,0,Q2
4569,0.00211632459502083,1,1,Q2
4570,0.00211632459502083,1,0,Q2
4571,0.00211632459502083,1,0,Q2
4575,0.00211632459502083,1,0,Q2
4576,0.00211632459502083,1,0,Q2
4578,0.00211632459502083,1,0,Q2
4579,0.00211632459502083,1,0,Q2
4581,0.00211632459502083,1,0,Q2
4582,0.00211632459502083,1,0,Q2
4591,0.00211632459502083,1,0,Q2
4593,0.00211632459502083,2,0,Q2
4595,0.00211632459502083,1,0,Q2
4599,0.00211632459502083,2,0,Q2
4604,0.00211632459502083,1,0,Q2
4610,0.00211632459502083,1,0,Q2
4611,0.00211632459502083,1,0,Q2
4616,0.00211632459502083,1,0,Q2
4617,0.00211632459502083,1,0,Q2
4624,0.00211632459502083,1,0,Q2
4627,0.00211632459502083,2,0,Q2
4629,0.00211632459502083,1,0,Q2
4630,0.00211632459502083,1,0,Q2
4632,0.00211632459502083,1,0,Q2
4638,0.00211632459502083,1,0,Q2
4641,0.00211632459502083,1,0,Q2
4647,0.00211632459502083,1,0,Q2
4648,0.00213724881794826,0,1,Q2
4652,0.00213724881794826,1,0,Q2
4654,0.00213724881794826,1,0,Q2
4669,0.00213724881794826,1,0,Q2
4674,0.00213724881794826,1,0,Q2
4678,0.00213724881794826,1,0,Q2
4680,0.00213724881794826,1,0,Q2
4681,0.00213724881794826,1,0,Q2
4687,0.00213724881794826,1,0,Q2
4697,0.00213724881794826,2,0,Q2
4699,0.00213724881794826,1,0,Q2
4701,0.00213724881794826,1,0,Q2
4704,0.00213724881794826,1,0,Q2
4715,0.00213724881794826,1,0,Q2
4720,0.00213724881794826,1,0,Q2
4725,0.00213724881794826,1,0,Q2
4729,0.00213724881794826,1,0,Q2
4731,0.00213724881794826,1,0,Q2
4732,0.00213724881794826,1,0,Q2
4733,0.00213724881794826,2,0,Q2
4738,0.00213724881794826,1,0,Q2
4739,0.00213724881794826,1,0,Q2
4742,0.00213724881794826,1,0,Q2
4744,0.00213724881794826,1,0,Q2
4747,0.00213724881794826,1,0,Q2
4749,0.00213724881794826,1,0,Q2
4753,0.00213724881794826,1,0,Q2
4754,0.00213724881794826,1,0,Q2
4756,0.00213724881794826,1,0,Q2
4757,0.00213724881794826,1,0,Q2
4760,0.00213724881794826,1,0,Q2
4766,0.00213724881794826,2,0,Q2
4779,0.00213724881794826,1,0,Q2
4781,0.00213724881794826,1,0,Q2
4784,0.00213724881794826,1,0,Q2
4788,0.00213724881794826,1,0,Q2
4789,0.00213724881794826,1,0,Q2
4790,0.00213724881794826,5,0,Q2
4791,0.00213724881794826,7,0,Q2
4792,0.00213724881794826,6,0,Q2
4793,0.00213724881794826,1,0,Q2
4795,0.00213724881794826,11,0,Q2
4796,0.00213724881794826,3,0,Q2
4797,0.00213724881794826,9,0,Q2
4798,0.00213724881794826,33,0,Q2
4799,0.00213724881794826,25,0,Q2
4800,0.00215823451619569,0,1,Q2
4801,0.00215823451619569,6,0,Q2
4802,0.00215823451619569,41,0,Q2
4803,0.00215823451619569,40,0,Q2
4804,0.00215823451619569,45,0,Q2
4805,0.00215823451619569,68,0,Q2
4806,0.00215823451619569,55,0,Q2
4807,0.00215823451619569,1,0,Q2
4808,0.00215823451619569,53,0,Q2
4809,0.00215823451619569,51,0,Q2
4810,0.00215823451619569,46,0,Q2
4811,0.00215823451619569,52,0,Q2
4812,0.00215823451619569,45,0,Q2
4813,0.00215823451619569,56,0,Q2
4815,0.00215823451619569,47,0,Q2
4816,0.00215823451619569,52,0,Q2
4817,0.00215823451619569,64,0,Q2
4818,0.00215823451619569,61,0,Q2
4819,0.00215823451619569,67,0,Q2
4820,0.00215823451619569,78,0,Q2
4821,0.00215823451619569,1,0,Q2
4822,0.00215823451619569,59,0,Q2
4823,0.00215823451619569,56,0,Q2
4824,0.00215823451619569,74,0,Q2
4825,0.00215823451619569,51,0,Q2
4826,0.00215823451619569,52,0,Q2
4827,0.00215823451619569,58,0,Q2
4829,0.00215823451619569,79,0,Q2
4830,0.00215823451619569,82,0,Q2
4831,0.00215823451619569,84,0,Q2
4832,0.00215823451619569,65,0,Q2
4833,0.00215823451619569,72,0,Q2
4834,0.00215823451619569,67,0,Q2
4836,0.00215823451619569,65,0,Q2
4837,0.00215823451619569,78,0,Q2
4838,0.00215823451619569,57,0,Q2
4839,0.00215823451619569,90,0,Q2
4840,0.00215823451619569,64,0,Q2
4841,0.00215823451619569,1,0,Q2
4843,0.00215823451619569,84,0,Q2
4844,0.00215823451619569,95,0,Q2
4845,0.00215823451619569,61,0,Q2
4846,0.00215823451619569,57,0,Q2
4847,0.00215823451619569,56,0,Q2
4848,0.00215823451619569,74,0,Q2
4849,0.00215823451619569,1,0,Q2
4850,0.00215823451619569,61,0,Q2
4851,0.00215823451619569,60,0,Q2
4852,0.00215823451619569,66,0,Q2
4853,0.00215823451619569,50,0,Q2
4854,0.00215823451619569,61,0,Q2
4855,0.00215823451619569,63,0,Q2
4857,0.00215823451619569,52,0,Q2
4858,0.00215823451619569,69,0,Q2
4859,0.00215823451619569,48,0,Q2
4860,0.00215823451619569,56,0,Q2
4861,0.00215823451619569,45,0,Q2
4862,0.00215823451619569,79,0,Q2
4864,0.00215823451619569,80,0,Q2
4865,0.00215823451619569,63,0,Q2
4866,0.00215823451619569,31,0,Q2
4867,0.00215823451619569,80,0,Q2
4868,0.00215823451619569,48,0,Q2
4870,0.00215823451619569,1,0,Q2
4871,0.00215823451619569,43,0,Q2
4872,0.00215823451619569,44,0,Q2
4873,0.00215823451619569,64,0,Q2
4874,0.00215823451619569,75,0,Q2
4875,0.00215823451619569,45,0,Q2
4876,0.00215823451619569,27,0,Q2
4877,0.00215823451619569,1,0,Q2
4878,0.00215823451619569,40,0,Q2
4879,0.00215823451619569,42,0,Q2
4880,0.00215823451619569,36,0,Q2
4881,0.00215823451619569,27,0,Q2
4882,0.00215823451619569,46,0,Q2
4883,0.00215823451619569,31,0,Q2
4885,0.00215823451619569,44,0,Q2
4886,0.00215823451619569,47,0,Q2
4887,0.00215823451619569,33,0,Q2
4888,0.00215823451619569,27,0,Q2
4889,0.00215823451619569,50,0,Q2
4890,0.00215823451619569,28,0,Q2
4892,0.00215823451619569,15,0,Q2
4893,0.00215823451619569,28,0,Q2
4894,0.00215823451619569,42,0,Q2
4895,0.00215823451619569,41,0,Q2
4896,0.00215823451619569,22,0,Q2
4901,0.00215823451619569,54,0,Q2
4902,0.00215823451619569,56,0,Q2
4903,0.00215823451619569,62,0,Q2
4904,0.00215823451619569,59,0,Q2
4906,0.00215823451619569,49,0,Q2
4907,0.00215823451619569,66,0,Q2
4908,0.00215823451619569,56,0,Q2
4909,0.00215823451619569,66,0,Q2
4910,0.00215823451619569,51,0,Q2
4911,0.00215823451619569,74,0,Q2
4913,0.00215823451619569,71,0,Q2
4914,0.00215823451619569,84,0,Q2
4915,0.00215823451619569,58,0,Q2
4916,0.00215823451619569,66,0,Q2
4917,0.00215823451619569,72,0,Q2
4918,0.00215823451619569,89,0,Q2
4919,0.00215823451619569,1,0,Q2
4920,0.00215823451619569,60,0,Q2
4921,0.00215823451619569,39,0,Q2
4922,0.00215823451619569,45,0,Q2
4923,0.00215823451619569,41,0,Q2
4924,0.00215823451619569,57,0,Q2
4925,0.00215823451619569,41,0,Q2
4927,0.00215823451619569,79,0,Q2
4928,0.00215823451619569,57,0,Q2
4929,0.00215823451619569,56,0,Q2
4930,0.00215823451619569,61,0,Q2
4931,0.00215823451619569,70,0,Q2
4932,0.00215823451619569,56,0,Q2
4934,0.00215823451619569,61,0,Q2
4935,0.00215823451619569,50,0,Q2
4936,0.00215823451619569,43,0,Q2
4937,0.00215823451619569,26,0,Q2
4938,0.00215823451619569,30,0,Q2
4939,0.00215823451619569,34,0,Q2
4941,0.00215823451619569,12,0,Q2
4942,0.00215823451619569,22,0,Q2
4943,0.00215823451619569,64,0,Q2
4944,0.00215823451619569,46,0,Q2
4945,0.00215823451619569,55,0,Q2
4946,0.00215823451619569,45,0,Q2
4948,0.00215823451619569,41,0,Q2
4949,0.00215823451619569,50,0,Q2
4950,0.00215823451619569,40,0,Q2
4951,0.00215823451619569,58,0,Q2
4952,0.00215823451619569,45,0,Q2
4953,0.00215823451619569,42,0,Q2
4955,0.00215823451619569,84,0,Q2
4956,0.00215823451619569,40,0,Q2
4957,0.00215823451619569,58,0,Q2
4958,0.00215823451619569,69,0,Q2
4959,0.00215823451619569,71,0,Q2
4960,0.00215823451619569,40,0,Q2
4962,0.00215823451619569,52,0,Q2
4963,0.00215823451619569,40,0,Q2
4964,0.00215823451619569,31,0,Q2
4965,0.00215823451619569,25,0,Q2
4966,0.00215823451619569,32,0,Q2
4967,0.00215823451619569,48,0,Q2
4969,0.00215823451619569,49,0,Q2
4970,0.00215823451619569,47,0,Q2
4971,0.00215823451619569,65,0,Q2
4972,0.00215823451619569,42,0,Q2
4973,0.00215823451619569,52,0,Q2
4974,0.00215823451619569,25,0,Q2
4976,0.00215823451619569,13,0,Q2
4977,0.00215823451619569,53,0,Q2
4978,0.00215823451619569,21,0,Q2
4979,0.00215823451619569,19,0,Q2
4980,0.00215823451619569,24,0,Q2
4981,0.00215823451619569,41,0,Q2
4983,0.00215823451619569,33,0,Q2
4984,0.00215823451619569,21,0,Q2
4985,0.00215823451619569,45,0,Q2
4986,0.00215823451619569,18,0,Q2
4987,0.00215823451619569,22,0,Q2
4988,0.00215823451619569,23,0,Q2
4989,0.00215823451619569,1,0,Q2
4990,0.00215823451619569,1,0,Q2
4992,0.00215823451619569,1,0,Q2
4996,0.00215823451619569,1,0,Q2
5004,0.00215823451619569,49,0,Q2
5005,0.00215823451619569,34,0,Q2
5006,0.00215823451619569,43,0,Q2
5007,0.00215823451619569,29,0,Q2
5008,0.00215823451619569,43,0,Q2
5009,0.00215823451619569,28,0,Q2
5011,0.00215823451619569,58,0,Q2
5012,0.00215823451619569,53,0,Q2
5013,0.00215823451619569,47,0,Q2
5014,0.00215823451619569,56,0,Q2
5015,0.00215823451619569,58,0,Q2
5016,0.00215823451619569,42,0,Q2
5018,0.00215823451619569,43,0,Q2
5019,0.00215823451619569,34,0,Q2
5020,0.00215823451619569,37,0,Q2
5021,0.00215823451619569,23,0,Q2
5022,0.00215823451619569,35,0,Q2
5023,0.00215823451619569,31,0,Q2
5024,0.00215823451619569,1,0,Q2
5025,0.00215823451619569,50,0,Q2
5026,0.00215823451619569,64,0,Q2
5027,0.00215823451619569,43,0,Q2
5028,0.00215823451619569,59,0,Q2
5029,0.00215823451619569,64,0,Q2
5030,0.00215823451619569,48,0,Q2
5032,0.00215823451619569,55,0,Q2
5033,0.00215823451619569,49,0,Q2
5034,0.00215823451619569,76,0,Q2
5035,0.00215823451619569,48,0,Q2
5036,0.00215823451619569,57,0,Q2
5037,0.00215823451619569,59,0,Q2
5039,0.00215823451619569,88,0,Q2
5040,0.00215823451619569,65,0,Q2
5041,0.00215823451619569,62,0,Q2
5042,0.00215823451619569,66,0,Q2
5043,0.00215823451619569,64,0,Q2
5044,0.00215823451619569,76,0,Q2
5046,0.00215823451619569,58,0,Q2
5047,0.00215823451619569,46,0,Q2
5048,0.00215823451619569,51,0,Q2
5049,0.00215823451619569,52,0,Q2
5050,0.00215823451619569,47,0,Q2
5051,0.00215823451619569,60,0,Q2
5053,0.00215823451619569,61,0,Q2
5054,0.00215823451619569,59,0,Q2
5055,0.00215823451619569,78,0,Q2
5056,0.00215823451619569,54,0,Q2
5057,0.00215823451619569,60,0,Q2
5058,0.00215823451619569,70,0,Q2
5060,0.00215823451619569,93,0,Q2
5061,0.00215823451619569,54,0,Q2
5062,0.00215823451619569,61,0,Q2
5063,0.00215823451619569,60,0,Q2
5064,0.00215823451619569,38,0,Q2
5065,0.00215823451619569,64,0,Q2
5066,0.00215823451619569,1,0,Q2
5067,0.00215823451619569,62,0,Q2
5068,0.00215823451619569,58,0,Q2
5069,0.00215823451619569,48,0,Q2
5070,0.00215823451619569,41,0,Q2
5071,0.00215823451619569,43,0,Q2
5072,0.00215823451619569,53,0,Q2
5074,0.00215823451619569,63,0,Q2
5075,0.00215823451619569,49,0,Q2
5076,0.00215823451619569,72,0,Q2
5077,0.00215823451619569,50,0,Q2
5078,0.00215823451619569,53,0,Q2
5079,0.00215823451619569,58,0,Q2
5081,0.00215823451619569,50,0,Q2
5082,0.00215823451619569,61,0,Q2
5083,0.00215823451619569,49,0,Q2
5084,0.00215823451619569,42,0,Q2
5085,0.00215823451619569,66,0,Q2
5086,0.00215823451619569,73,0,Q2
5088,0.00215823451619569,46,0,Q2
5089,0.00215823451619569,38,0,Q2
5090,0.00215823451619569,37,0,Q2
5091,0.00215823451619569,24,0,Q2
5092,0.00215823451619569,33,0,Q2
5093,0.00215823451619569,27,0,Q2
5095,0.00215823451619569,27,0,Q2
5096,0.00215823451619569,38,0,Q2
5097,0.00215823451619569,54,0,Q2
5098,0.00215823451619569,46,0,Q2
5099,0.00215823451619569,70,0,Q2
5100,0.00218662223567019,41,1,Q2
5102,0.00218662223567019,53,0,Q2
5103,0.00218662223567019,45,0,Q2
5104,0.00218662223567019,36,0,Q2
5105,0.00218662223567019,40,0,Q2
5106,0.00218662223567019,50,0,Q2
5107,0.00218662223567019,47,0,Q2
5108,0.00218662223567019,1,0,Q2
5109,0.00218662223567019,37,0,Q2
5110,0.00218662223567019,59,0,Q2
5111,0.00218662223567019,50,0,Q2
5112,0.00218662223567019,51,0,Q2
5113,0.00218662223567019,44,0,Q2
5116,0.00218662223567019,45,0,Q2
5117,0.00218662223567019,40,0,Q2
5118,0.00218662223567019,59,0,Q2
5119,0.00218662223567019,56,0,Q2
5120,0.00218662223567019,54,0,Q2
5121,0.00218662223567019,63,0,Q2
5123,0.00218662223567019,71,0,Q2
5124,0.00218662223567019,70,0,Q2
5125,0.00218662223567019,58,0,Q2
5126,0.00218662223567019,71,0,Q2
5127,0.00218662223567019,54,0,Q2
5128,0.00218662223567019,56,0,Q2
5130,0.00218662223567019,37,0,Q2
5131,0.00218662223567019,46,0,Q2
5132,0.00218662223567019,45,0,Q2
5133,0.00218662223567019,41,0,Q2
5134,0.00218662223567019,32,0,Q2
5135,0.00218662223567019,36,0,Q2
5137,0.00218662223567019,44,0,Q2
5138,0.00218662223567019,24,0,Q2
5139,0.00218662223567019,26,0,Q2
5140,0.00218662223567019,49,0,Q2
5141,0.00218662223567019,41,0,Q2
5142,0.00218662223567019,25,0,Q2
5144,0.00218662223567019,40,0,Q2
5145,0.00218662223567019,55,0,Q2
5146,0.00218662223567019,25,0,Q2
5147,0.00218662223567019,41,0,Q2
5148,0.00218662223567019,40,0,Q2
5149,0.00218662223567019,59,0,Q2
5151,0.00218662223567019,40,0,Q2
5152,0.00218662223567019,43,0,Q2
5153,0.00218662223567019,25,0,Q2
5154,0.00218662223567019,48,0,Q2
5155,0.00218662223567019,53,0,Q2
5156,0.00218662223567019,39,0,Q2
5158,0.00218662223567019,45,0,Q2
5159,0.00218662223567019,48,0,Q2
5160,0.00218662223567019,50,0,Q2
5161,0.00218662223567019,35,0,Q2
5162,0.00218662223567019,35,0,Q2
5163,0.00218662223567019,29,0,Q2
5165,0.00218662223567019,51,0,Q2
5166,0.00218662223567019,50,0,Q2
5167,0.00218662223567019,62,0,Q2
5168,0.00218662223567019,43,0,Q2
5169,0.00218662223567019,25,0,Q2
5170,0.00218662223567019,57,0,Q2
5172,0.00218662223567019,58,0,Q2
5173,0.00218662223567019,49,0,Q2
5174,0.00218662223567019,58,0,Q2
5175,0.00218662223567019,72,0,Q2
5176,0.00218662223567019,31,0,Q2
5177,0.00218662223567019,40,0,Q2
5179,0.00218662223567019,62,0,Q2
5180,0.00218662223567019,50,0,Q2
5181,0.00218662223567019,65,0,Q2
5182,0.00218662223567019,50,0,Q2
5183,0.00218662223567019,69,0,Q2
5184,0.00218662223567019,67,0,Q2
5186,0.00218662223567019,72,0,Q2
5187,0.00218662223567019,72,0,Q2
5188,0.00218662223567019,79,0,Q2
5189,0.00218662223567019,60,0,Q2
5190,0.00218662223567019,60,0,Q2
5191,0.00218662223567019,42,0,Q2
5192,0.00218662223567019,1,0,Q2
5193,0.00218662223567019,71,0,Q2
5194,0.00218662223567019,48,0,Q2
5195,0.00218662223567019,51,0,Q2
5196,0.00218662223567019,56,0,Q2
5197,0.00218662223567019,72,0,Q2
5198,0.00218662223567019,52,0,Q2
5200,0.00218662223567019,53,0,Q2
5201,0.00218662223567019,55,0,Q2
5202,0.00218662223567019,56,0,Q2
5203,0.00218662223567019,64,0,Q2
5204,0.00218662223567019,56,0,Q2
5205,0.00218662223567019,57,0,Q2
5207,0.00218662223567019,44,0,Q2
5208,0.00218662223567019,51,0,Q2
5209,0.00218662223567019,52,0,Q2
5210,0.00218662223567019,44,0,Q2
5211,0.00218662223567019,57,0,Q2
5213,0.00218662223567019,1,0,Q2
5214,0.00218662223567019,34,0,Q2
5215,0.00218662223567019,66,0,Q2
5216,0.00218662223567019,55,0,Q2
5217,0.00218662223567019,55,0,Q2
5218,0.00218662223567019,46,0,Q2
5219,0.00218662223567019,39,0,Q2
5221,0.00218662223567019,42,0,Q2
5222,0.00218662223567019,53,0,Q2
5223,0.00218662223567019,59,0,Q2
5224,0.00218662223567019,48,0,Q2
5225,0.00218662223567019,50,0,Q2
5226,0.00218662223567019,52,0,Q2
5227,0.00218662223567019,1,0,Q2
5228,0.00218662223567019,45,0,Q2
5229,0.00218662223567019,55,0,Q2
5230,0.00218662223567019,49,0,Q2
5231,0.00218662223567019,60,0,Q2
5232,0.00218662223567019,59,0,Q2
5235,0.00218662223567019,52,0,Q2
5236,0.00218662223567019,57,0,Q2
5237,0.00218662223567019,30,0,Q2
5238,0.00218662223567019,46,0,Q2
5239,0.00218662223567019,72,0,Q2
5240,0.00218662223567019,69,0,Q2
5242,0.00218662223567019,57,0,Q2
5243,0.00218662223567019,57,0,Q2
5244,0.00218662223567019,46,0,Q2
5245,0.00218662223567019,48,0,Q2
5246,0.00218662223567019,52,0,Q2
5247,0.00218662223567019,81,0,Q2
5249,0.00218662223567019,74,0,Q2
5250,0.00218662223567019,55,0,Q2
5251,0.00218662223567019,62,0,Q2
5252,0.00218662223567019,42,0,Q2
5253,0.00218662223567019,50,0,Q2
5258,0.00218662223567019,39,0,Q2
5259,0.00218662223567019,74,0,Q2
5260,0.00218662223567019,57,0,Q2
5261,0.00218662223567019,54,0,Q2
5263,0.00218662223567019,73,0,Q2
5264,0.00218662223567019,60,0,Q2
5265,0.00218662223567019,41,0,Q2
5266,0.00218662223567019,63,0,Q2
5267,0.00218662223567019,47,0,Q2
5268,0.00218662223567019,50,0,Q2
5270,0.00218662223567019,72,0,Q2
5271,0.00218662223567019,65,0,Q2
5272,0.00218662223567019,63,0,Q2
5273,0.00218662223567019,78,0,Q2
5274,0.00218662223567019,72,0,Q2
5275,0.00218662223567019,47,0,Q2
5277,0.00218662223567019,77,0,Q2
5278,0.00218662223567019,53,0,Q2
5279,0.00218662223567019,68,0,Q2
5280,0.00218662223567019,85,0,Q2
5281,0.00218662223567019,60,0,Q2
5282,0.00218662223567019,86,0,Q2
5283,0.00218662223567019,1,0,Q2
5284,0.00218662223567019,99,0,Q2
5285,0.00218662223567019,78,0,Q2
5286,0.00218662223567019,70,0,Q2
5287,0.00218662223567019,69,0,Q2
5288,0.00218662223567019,70,0,Q2
5289,0.00218662223567019,62,0,Q2
5291,0.00218662223567019,65,0,Q2
5292,0.00218662223567019,61,0,Q2
5293,0.00218662223567019,59,0,Q2
5294,0.00218662223567019,50,0,Q2
5295,0.00218662223567019,64,0,Q2
5296,0.00218662223567019,80,0,Q2
5298,0.00218662223567019,81,0,Q2
5299,0.00218662223567019,61,0,Q2
5300,0.00218662223567019,74,0,Q2
5301,0.00218662223567019,43,0,Q2
5302,0.00218662223567019,71,0,Q2
5303,0.00218662223567019,40,0,Q2
5305,0.00218662223567019,82,0,Q2
5306,0.00218662223567019,76,0,Q2
5307,0.00218662223567019,61,0,Q2
5308,0.00218662223567019,60,0,Q2
5309,0.00218662223567019,66,0,Q2
5310,0.00218662223567019,59,0,Q2
5311,0.00218662223567019,1,0,Q2
5312,0.00218662223567019,78,0,Q2
5313,0.00218662223567019,76,0,Q2
5314,0.00218662223567019,57,0,Q2
5315,0.00218662223567019,50,0,Q2
5316,0.00218662223567019,64,0,Q2
5317,0.00218662223567019,63,0,Q2
5319,0.00218662223567019,79,0,Q2
5320,0.00218662223567019,52,0,Q2
5321,0.00218662223567019,40,0,Q2
5322,0.00218662223567019,40,0,Q2
5323,0.00218662223567019,32,0,Q2
5324,0.00218662223567019,23,0,Q2
5326,0.00218662223567019,54,0,Q2
5327,0.00218662223567019,46,0,Q2
5328,0.00218662223567019,44,0,Q2
5329,0.00218662223567019,56,0,Q2
5330,0.00218662223567019,52,0,Q2
5331,0.00218662223567019,47,0,Q2
5333,0.00218662223567019,28,0,Q2
5334,0.00218662223567019,48,0,Q2
5335,0.00218662223567019,59,0,Q2
5336,0.00218662223567019,31,0,Q2
5337,0.00218662223567019,29,0,Q2
5338,0.00218662223567019,53,0,Q2
5340,0.00218662223567019,51,0,Q2
5341,0.00218662223567019,57,0,Q2
5342,0.00218662223567019,51,0,Q2
5343,0.00218662223567019,78,0,Q2
5344,0.00218662223567019,47,0,Q2
5345,0.00218662223567019,51,0,Q2
5347,0.00218662223567019,63,0,Q2
5348,0.00218662223567019,41,0,Q2
5349,0.00218662223567019,40,0,Q2
5350,0.00218662223567019,24,0,Q2
5351,0.00218662223567019,48,0,Q2
5352,0.00218662223567019,47,0,Q2
5356,0.00218662223567019,1,0,Q2
5362,0.00218662223567019,1,0,Q2
5367,0.00218662223567019,2,0,Q2
5368,0.00218662223567019,49,0,Q2
5369,0.00218662223567019,80,0,Q2
5370,0.00218662223567019,65,0,Q2
5371,0.00218662223567019,58,0,Q2
5372,0.00218662223567019,67,0,Q2
5373,0.00218662223567019,52,0,Q2
5374,0.00218662223567019,1,0,Q2
5375,0.00218662223567019,68,0,Q2
5376,0.00218662223567019,60,0,Q2
5377,0.00218662223567019,44,0,Q2
5378,0.00218662223567019,59,0,Q2
5379,0.00218662223567019,77,0,Q2
5380,0.00218662223567019,65,0,Q2
5382,0.00218662223567019,71,0,Q2
5383,0.00218662223567019,67,0,Q2
5384,0.00218662223567019,39,0,Q2
5385,0.00218662223567019,64,0,Q2
5386,0.00218662223567019,88,0,Q2
5387,0.00218662223567019,71,0,Q2
5389,0.00218662223567019,62,0,Q2
5390,0.00218662223567019,91,0,Q2
5391,0.00218662223567019,35,0,Q2
5392,0.00218662223567019,65,0,Q2
5393,0.00218662223567019,63,0,Q2
5394,0.00218662223567019,66,0,Q2
5395,0.00218662223567019,1,0,Q2
5396,0.00218662223567019,61,0,Q2
5397,0.00218662223567019,66,0,Q2
5398,0.00218662223567019,55,0,Q2
5399,0.00218662223567019,60,0,Q2
5400,0.00218662223567019,74,0,Q2
5401,0.00218662223567019,68,0,Q2
5403,0.00218662223567019,61,0,Q2
5404,0.00218662223567019,66,0,Q2
5405,0.00218662223567019,55,0,Q2
5406,0.00218662223567019,61,0,Q2
5407,0.00218662223567019,55,0,Q2
5408,0.00218662223567019,69,0,Q2
5410,0.00218662223567019,66,0,Q2
5411,0.00218662223567019,84,0,Q2
5412,0.00218662223567019,60,0,Q2
5413,0.00218662223567019,31,0,Q2
5414,0.00218662223567019,70,0,Q2
5415,0.00218662223567019,70,0,Q2
5417,0.00218662223567019,81,0,Q2
5418,0.00218662223567019,76,0,Q2
5419,0.00218662223567019,64,0,Q2
5420,0.00218662223567019,66,0,Q2
5421,0.00218662223567019,71,0,Q2
5422,0.00218662223567019,68,0,Q2
5424,0.00218662223567019,72,0,Q2
5425,0.00218662223567019,55,0,Q2
5426,0.00218662223567019,57,0,Q2
5427,0.00218662223567019,61,0,Q2
5428,0.00218662223567019,62,0,Q2
5429,0.00218662223567019,60,0,Q2
5431,0.00218662223567019,69,0,Q2
5432,0.00218662223567019,58,0,Q2
5433,0.00218662223567019,75,0,Q2
5434,0.00218662223567019,55,0,Q2
5435,0.00218662223567019,52,0,Q2
5436,0.00218662223567019,73,0,Q2
5438,0.00218662223567019,50,0,Q2
5439,0.00218662223567019,59,0,Q2
5440,0.00218662223567019,74,0,Q2
5441,0.00218662223567019,65,0,Q2
5442,0.00218662223567019,65,0,Q2
5443,0.00218662223567019,61,0,Q2
5445,0.00218662223567019,102,0,Q2
5446,0.00218662223567019,42,0,Q2
5447,0.00218662223567019,60,0,Q2
5448,0.00218662223567019,49,0,Q2
5449,0.00218662223567019,71,0,Q2
5450,0.00218662223567019,79,0,Q2
5451,0.00218662223567019,1,0,Q2
5452,0.00218662223567019,53,0,Q2
5453,0.00218662223567019,44,0,Q2
5454,0.00218662223567019,56,0,Q2
5455,0.00218662223567019,65,0,Q2
5456,0.00218662223567019,60,0,Q2
5457,0.00218662223567019,54,0,Q2
5459,0.00218662223567019,62,0,Q2
5460,0.00218662223567019,82,0,Q2
5461,0.00218662223567019,64,0,Q2
5462,0.00218662223567019,64,0,Q2
5463,0.00218662223567019,58,0,Q2
5464,0.00218662223567019,50,0,Q2
5466,0.00218662223567019,69,0,Q2
5467,0.00218662223567019,46,0,Q2
5468,0.00218662223567019,69,0,Q2
5469,0.00218662223567019,88,0,Q2
5470,0.00218662223567019,70,0,Q2
5471,0.00218662223567019,64,0,Q2
5473,0.00218662223567019,69,0,Q2
5474,0.00218662223567019,45,0,Q2
5475,0.00218662223567019,63,0,Q2
5476,0.00218662223567019,52,0,Q2
5477,0.00218662223567019,58,0,Q2
5478,0.00218662223567019,56,0,Q2
5480,0.00218662223567019,58,0,Q2
5481,0.00218662223567019,61,0,Q2
5482,0.00218662223567019,70,0,Q2
5483,0.00218662223567019,61,0,Q2
5484,0.00218662223567019,46,0,Q2
5487,0.00218662223567019,44,0,Q2
5488,0.00218662223567019,74,0,Q2
5489,0.00218662223567019,63,0,Q2
5490,0.00218662223567019,56,0,Q2
5491,0.00218662223567019,70,0,Q2
5492,0.00218662223567019,66,0,Q2
5494,0.00218662223567019,85,0,Q2
5495,0.00218662223567019,69,0,Q2
5496,0.00218662223567019,63,0,Q2
5497,0.00218662223567019,67,0,Q2
5498,0.00218662223567019,73,0,Q2
5499,0.00218662223567019,65,0,Q2
5501,0.00218662223567019,73,0,Q2
5502,0.00218662223567019,40,0,Q2
5503,0.00218662223567019,77,0,Q2
5504,0.00218662223567019,62,0,Q2
5505,0.00218662223567019,65,0,Q2
5506,0.00218662223567019,58,0,Q2
5508,0.00218662223567019,50,0,Q2
5509,0.00218662223567019,49,0,Q2
5510,0.00218662223567019,56,0,Q2
5511,0.00218662223567019,92,0,Q2
5512,0.00218662223567019,46,0,Q2
5513,0.00218662223567019,59,0,Q2
5515,0.00218662223567019,81,0,Q2
5516,0.00218662223567019,52,0,Q2
5517,0.00218662223567019,90,0,Q2
5518,0.00218662223567019,76,0,Q2
5519,0.00218662223567019,66,0,Q2
5520,0.00218662223567019,88,0,Q2
5522,0.00218662223567019,70,0,Q2
5523,0.00218662223567019,68,0,Q2
5524,0.00218662223567019,76,0,Q2
5525,0.00218662223567019,84,0,Q2
5526,0.00218662223567019,57,0,Q2
5527,0.00218662223567019,80,0,Q2
5529,0.00218662223567019,88,0,Q2
5530,0.00218662223567019,75,0,Q2
5531,0.00218662223567019,73,0,Q2
5532,0.00218662223567019,72,0,Q2
5533,0.00218662223567019,40,0,Q2
5534,0.00218662223567019,47,0,Q2
5536,0.00218662223567019,61,0,Q2
5537,0.00218662223567019,54,0,Q2
5538,0.00218662223567019,64,0,Q2
5539,0.00218662223567019,63,0,Q2
5540,0.00218662223567019,47,0,Q2
5541,0.00218662223567019,72,0,Q2
5543,0.00218662223567019,51,0,Q2
5544,0.00218662223567019,60,0,Q2
5545,0.00218662223567019,60,0,Q2
5546,0.00218662223567019,53,0,Q2
5547,0.00218662223567019,69,0,Q2
5548,0.00218662223567019,47,0,Q2
5550,0.00218662223567019,61,0,Q2
5551,0.00218662223567019,50,0,Q2
5552,0.00218662223567019,54,0,Q2
5553,0.00218662223567019,38,0,Q2
5554,0.00218662223567019,74,0,Q2
5555,0.00218662223567019,51,0,Q2
5557,0.00218662223567019,70,0,Q2
5558,0.00218662223567019,46,0,Q2
5559,0.00218662223567019,82,0,Q2
5560,0.00218662223567019,70,0,Q2
5561,0.00218662223567019,51,0,Q2
5562,0.00218662223567019,60,0,Q2
5564,0.00218662223567019,55,0,Q2
5565,0.00218662223567019,67,0,Q2
5566,0.00218662223567019,64,0,Q2
5567,0.00218662223567019,38,0,Q2
5568,0.00218662223567019,78,0,Q2
5569,0.00218662223567019,73,0,Q2
5571,0.00218662223567019,108,0,Q2
5572,0.00218662223567019,98,0,Q2
5573,0.00218662223567019,71,0,Q2
5574,0.00218662223567019,74,0,Q2
5575,0.00218662223567019,75,0,Q2
5576,0.00218662223567019,1,0,Q2
5578,0.00218662223567019,75,0,Q2
5579,0.00218662223567019,75,0,Q2
5580,0.00218662223567019,58,0,Q2
5581,0.00218662223567019,79,0,Q2
5582,0.00218662223567019,75,0,Q2
5583,0.00218662223567019,73,0,Q2
5585,0.00218662223567019,92,0,Q2
5586,0.00218662223567019,84,0,Q2
5587,0.00218662223567019,73,0,Q2
5588,0.00218662223567019,80,0,Q2
5589,0.00218662223567019,79,0,Q2
5590,0.00218662223567019,77,0,Q2
5592,0.00218662223567019,69,0,Q2
5593,0.00218662223567019,84,0,Q2
5594,0.00218662223567019,63,0,Q2
5595,0.00218662223567019,72,0,Q2
5596,0.00218662223567019,83,0,Q2
5599,0.00218662223567019,81,0,Q2
5600,0.00218662223567019,48,0,Q2
5601,0.00218662223567019,60,0,Q2
5602,0.00218662223567019,42,0,Q2
5603,0.00218662223567019,67,0,Q2
5604,0.00218662223567019,56,0,Q2
5606,0.00218662223567019,71,0,Q2
5607,0.00218662223567019,61,0,Q2
5608,0.00218662223567019,79,0,Q2
5609,0.00218662223567019,70,0,Q2
5610,0.00218662223567019,59,0,Q2
5611,0.00218662223567019,86,0,Q2
5613,0.00218662223567019,85,0,Q2
5614,0.00218662223567019,86,0,Q2
5615,0.00218662223567019,72,0,Q2
5616,0.00218662223567019,78,0,Q2
5617,0.00218662223567019,70,0,Q2
5618,0.00218662223567019,84,0,Q2
5620,0.00218662223567019,82,0,Q2
5621,0.00218662223567019,48,0,Q2
5622,0.00218662223567019,82,0,Q2
5623,0.00218662223567019,70,0,Q2
5624,0.00218662223567019,114,0,Q2
5625,0.00218662223567019,74,0,Q2
5627,0.00218662223567019,65,0,Q2
5628,0.00218662223567019,76,0,Q2
5629,0.00218662223567019,78,0,Q2
5630,0.00218662223567019,77,0,Q2
5631,0.00218662223567019,85,0,Q2
5632,0.00218662223567019,69,0,Q2
5634,0.00218662223567019,73,0,Q2
5635,0.00218662223567019,64,0,Q2
5636,0.00218662223567019,47,0,Q2
5637,0.00218662223567019,77,0,Q2
5638,0.00218662223567019,71,0,Q2
5643,0.00218662223567019,48,0,Q2
5644,0.00218662223567019,59,0,Q2
5645,0.00218662223567019,58,0,Q2
5646,0.00218662223567019,73,0,Q2
5648,0.00218662223567019,66,0,Q2
5649,0.00218662223567019,47,0,Q2
5650,0.00218662223567019,73,0,Q2
5651,0.00218662223567019,74,0,Q2
5652,0.00218662223567019,61,0,Q2
5653,0.00218662223567019,67,0,Q2
5655,0.00218662223567019,87,0,Q2
5656,0.00218662223567019,54,0,Q2
5657,0.00218662223567019,53,0,Q2
5658,0.00218662223567019,75,0,Q2
5659,0.00218662223567019,78,0,Q2
5660,0.00218662223567019,77,0,Q2
5662,0.00218662223567019,89,0,Q2
5663,0.00218662223567019,44,0,Q2
5664,0.00218662223567019,46,0,Q2
5665,0.00218662223567019,37,0,Q2
5666,0.00218662223567019,57,0,Q2
5667,0.00218662223567019,54,0,Q2
5669,0.00218662223567019,51,0,Q2
5670,0.00218662223567019,58,0,Q2
5671,0.00218662223567019,35,0,Q2
5672,0.00218662223567019,52,0,Q2
5673,0.00218662223567019,83,0,Q2
5674,0.00218662223567019,69,0,Q2
5676,0.00218662223567019,65,0,Q2
5677,0.00218662223567019,68,0,Q2
5678,0.00218662223567019,58,0,Q2
5679,0.00218662223567019,72,0,Q2
5680,0.00218662223567019,58,0,Q2
5681,0.00218662223567019,76,0,Q2
5683,0.00218662223567019,83,0,Q2
5684,0.00218662223567019,89,0,Q2
5685,0.00218662223567019,74,0,Q2
5686,0.00218662223567019,57,0,Q2
5687,0.00218662223567019,44,0,Q2
5688,0.00218662223567019,56,0,Q2
5690,0.00218662223567019,71,0,Q2
5691,0.00218662223567019,48,0,Q2
5692,0.00218662223567019,46,0,Q2
5693,0.00218662223567019,46,0,Q2
5694,0.00218662223567019,38,0,Q2
5695,0.00218662223567019,52,0,Q2
5697,0.00218662223567019,63,0,Q2
5698,0.00218662223567019,55,0,Q2
5699,0.00218662223567019,71,0,Q2
5700,0.00218662223567019,52,0,Q2
5701,0.00218662223567019,53,0,Q2
5702,0.00218662223567019,34,0,Q2
5704,0.00218662223567019,44,0,Q2
5705,0.00218662223567019,48,0,Q2
5706,0.00218662223567019,60,0,Q2
5707,0.00218662223567019,60,0,Q2
5708,0.00218662223567019,57,0,Q2
5709,0.00218662223567019,13,0,Q2
5711,0.00218662223567019,40,0,Q2
5712,0.00218662223567019,47,0,Q2
5713,0.00218662223567019,30,0,Q2
5714,0.00218662223567019,20,0,Q2
5715,0.00218662223567019,33,0,Q2
5716,0.00218662223567019,44,0,Q2
5732,0.00218662223567019,38,0,Q2
5733,0.00218662223567019,39,0,Q2
5734,0.00218662223567019,39,0,Q2
5735,0.00218662223567019,54,0,Q2
5736,0.00218662223567019,48,0,Q2
5737,0.00218662223567019,68,0,Q2
5739,0.00218662223567019,56,0,Q2
5740,0.00218662223567019,59,0,Q2
5741,0.00218662223567019,55,0,Q2
5742,0.00218662223567019,58,0,Q2
5743,0.00218662223567019,28,0,Q2
5744,0.00218662223567019,63,0,Q2
5746,0.00218662223567019,39,0,Q2
5747,0.00218662223567019,50,0,Q2
5748,0.00218662223567019,54,0,Q2
5749,0.00218662223567019,40,0,Q2
5750,0.00218662223567019,40,0,Q2
5751,0.00218662223567019,46,0,Q2
5753,0.00218662223567019,38,0,Q2
5754,0.00218662223567019,33,0,Q2
5755,0.00218662223567019,45,0,Q2
5756,0.00218662223567019,43,0,Q2
5757,0.00218662223567019,30,0,Q2
5758,0.00218662223567019,43,0,Q2
5760,0.00218662223567019,38,0,Q2
5761,0.00218662223567019,52,0,Q2
5762,0.00218662223567019,38,0,Q2
5763,0.00218662223567019,36,0,Q2
5764,0.00218662223567019,22,0,Q2
5765,0.00218662223567019,28,0,Q2
5767,0.00218662223567019,55,0,Q2
5768,0.00218662223567019,43,0,Q2
5769,0.00218662223567019,21,0,Q2
5770,0.00218662223567019,23,0,Q2
5771,0.00218662223567019,34,0,Q2
5772,0.00218662223567019,31,0,Q2
5774,0.00218662223567019,16,0,Q2
5775,0.00218662223567019,32,0,Q2
5776,0.00218662223567019,30,0,Q2
5777,0.00218662223567019,21,0,Q2
5778,0.00218662223567019,24,0,Q2
5779,0.00218662223567019,30,0,Q2
5781,0.00218662223567019,21,0,Q2
5782,0.00218662223567019,17,0,Q2
5783,0.00218662223567019,16,0,Q2
5784,0.00218662223567019,29,0,Q2
5785,0.00218662223567019,27,0,Q2
5786,0.00218662223567019,34,0,Q2
5788,0.00218662223567019,14,0,Q2
5789,0.00218662223567019,27,0,Q2
5790,0.00218662223567019,38,0,Q2
5791,0.00218662223567019,28,0,Q2
5792,0.00218662223567019,27,0,Q2
5793,0.00218662223567019,35,0,Q2
5795,0.00218662223567019,29,0,Q2
5796,0.00218662223567019,30,0,Q2
5797,0.00218662223567019,20,0,Q2
5798,0.00218662223567019,18,0,Q2
5799,0.00218662223567019,30,0,Q2
5800,0.00218662223567019,25,0,Q2
5802,0.00218662223567019,26,0,Q2
5803,0.00218662223567019,22,0,Q2
5804,0.00218662223567019,17,0,Q2
5805,0.00218662223567019,40,0,Q2
5806,0.00218662223567019,25,0,Q2
5807,0.00218662223567019,23,0,Q2
5809,0.00218662223567019,16,0,Q2
5810,0.00218662223567019,29,0,Q2
5811,0.00218662223567019,23,0,Q2
5812,0.00218662223567019,26,0,Q2
5813,0.00218662223567019,20,0,Q2
5814,0.00218662223567019,12,0,Q2
5816,0.00218662223567019,15,0,Q2
5817,0.00218662223567019,9,0,Q2
5818,0.00218662223567019,27,0,Q2
5819,0.00218662223567019,31,0,Q2
5820,0.00218662223567019,20,0,Q2
5821,0.00218662223567019,13,0,Q2
5823,0.00218662223567019,13,0,Q2
5824,0.00218662223567019,34,0,Q2
5825,0.00218662223567019,14,0,Q2
5826,0.00218662223567019,23,0,Q2
5827,0.00218662223567019,19,0,Q2
5828,0.00218662223567019,21,0,Q2
5830,0.00218662223567019,15,0,Q2
5831,0.00218662223567019,28,0,Q2
5832,0.00218662223567019,23,0,Q2
5833,0.00218662223567019,28,0,Q2
5834,0.00218662223567019,21,0,Q2
5835,0.00218662223567019,13,0,Q2
5837,0.00218662223567019,27,0,Q2
5838,0.00218662223567019,22,0,Q2
5839,0.00218662223567019,25,0,Q2
5840,0.00218662223567019,26,0,Q2
5841,0.00218662223567019,47,0,Q2
5842,0.00218662223567019,38,0,Q2
5844,0.00218662223567019,29,0,Q2
5845,0.00218662223567019,15,0,Q2
5846,0.00218662223567019,23,0,Q2
5847,0.00218662223567019,27,0,Q2
5848,0.00218662223567019,26,0,Q2
5851,0.00218662223567019,30,0,Q2
5852,0.00218662223567019,33,0,Q2
5853,0.00218662223567019,23,0,Q2
5854,0.00218662223567019,24,0,Q2
5855,0.00218662223567019,33,0,Q2
5856,0.00218662223567019,33,0,Q2
5858,0.00218662223567019,22,0,Q2
5859,0.00218662223567019,33,0,Q2
5860,0.00218662223567019,25,0,Q2
5861,0.00218662223567019,28,0,Q2
5862,0.00218662223567019,19,0,Q2
5863,0.00218662223567019,35,0,Q2
5865,0.00218662223567019,13,0,Q2
5866,0.00218662223567019,18,0,Q2
5867,0.00218662223567019,35,0,Q2
5868,0.00218662223567019,34,0,Q2
5869,0.00218662223567019,35,0,Q2
5870,0.00218662223567019,19,0,Q2
5872,0.00218662223567019,27,0,Q2
5873,0.00218662223567019,38,0,Q2
5874,0.00218662223567019,32,0,Q2
5875,0.00218662223567019,22,0,Q2
5876,0.00218662223567019,26,0,Q2
5877,0.00218662223567019,27,0,Q2
5879,0.00218662223567019,20,0,Q2
5880,0.00218662223567019,27,0,Q2
5881,0.00218662223567019,14,0,Q2
5882,0.00218662223567019,20,0,Q2
5883,0.00218662223567019,20,0,Q2
5884,0.00218662223567019,27,0,Q2
5886,0.00218662223567019,13,0,Q2
5887,0.00218662223567019,20,0,Q2
5888,0.00218662223567019,23,0,Q2
5889,0.00218662223567019,24,0,Q2
5890,0.00218662223567019,23,0,Q2
5891,0.00218662223567019,20,0,Q2
5893,0.00218662223567019,11,0,Q2
5894,0.00218662223567019,14,0,Q2
5895,0.00218662223567019,16,0,Q2
5896,0.00218662223567019,29,0,Q2
5897,0.00218662223567019,14,0,Q2
5898,0.00218662223567019,10,0,Q2
5900,0.00218662223567019,18,0,Q2
5901,0.00218662223567019,19,0,Q2
5902,0.00218662223567019,17,0,Q2
5903,0.00218662223567019,11,0,Q2
5904,0.00218662223567019,24,0,Q2
5905,0.00218662223567019,24,0,Q2
5907,0.00218662223567019,16,0,Q2
5908,0.00218662223567019,12,0,Q2
5909,0.00218662223567019,16,0,Q2
5910,0.00218662223567019,12,0,Q2
5911,0.00218662223567019,11,0,Q2
5912,0.00218662223567019,14,0,Q2
5914,0.00218662223567019,20,0,Q2
5915,0.00218662223567019,21,0,Q2
5916,0.00218662223567019,8,0,Q2
5917,0.00218662223567019,7,0,Q2
5918,0.00218662223567019,17,0,Q2
5919,0.00218662223567019,12,0,Q2
5921,0.00218662223567019,25,0,Q2
5922,0.00218662223567019,9,0,Q2
5923,0.00218662223567019,4,0,Q2
5924,0.00218662223567019,6,0,Q2
5925,0.00218662223567019,11,0,Q2
5926,0.00218662223567019,20,0,Q2
5928,0.00218662223567019,25,0,Q2
5929,0.00218662223567019,15,0,Q2
5930,0.00218662223567019,28,0,Q2
5931,0.00218662223567019,17,0,Q2
5932,0.00218662223567019,10,0,Q2
5933,0.00218662223567019,23,0,Q2
5935,0.00218662223567019,14,0,Q2
5936,0.00218662223567019,15,0,Q2
5937,0.00218662223567019,19,0,Q2
5938,0.00218662223567019,5,0,Q2
5939,0.00218662223567019,9,0,Q2
5942,0.00218662223567019,19,0,Q2
5943,0.00218662223567019,15,0,Q2
5944,0.00218662223567019,18,0,Q2
5945,0.00218662223567019,19,0,Q2
5946,0.00218662223567019,6,0,Q2
5947,0.00218662223567019,11,0,Q2
5949,0.00218662223567019,11,0,Q2
5950,0.00218662223567019,18,0,Q2
5951,0.00218662223567019,8,0,Q2
5952,0.00218662223567019,15,0,Q2
5953,0.00218662223567019,15,0,Q2
5954,0.00218662223567019,15,0,Q2
5956,0.00218662223567019,17,0,Q2
5957,0.00218662223567019,10,0,Q2
5958,0.00218662223567019,15,0,Q2
5959,0.00218662223567019,14,0,Q2
5960,0.00218662223567019,12,0,Q2
5963,0.00218662223567019,15,0,Q2
5964,0.00218662223567019,17,0,Q2
5965,0.00218662223567019,19,0,Q2
5966,0.00218662223567019,19,0,Q2
5967,0.00218662223567019,19,0,Q2
5968,0.00218662223567019,16,0,Q2
5970,0.00218662223567019,13,0,Q2
5971,0.00218662223567019,13,0,Q2
5972,0.00218662223567019,7,0,Q2
5973,0.00218662223567019,7,0,Q2
5974,0.00218662223567019,9,0,Q2
5975,0.00218662223567019,3,0,Q2
5977,0.00218662223567019,3,0,Q2
5978,0.00218662223567019,3,0,Q2
5979,0.00218662223567019,2,0,Q2
5980,0.00218662223567019,1,0,Q2
5981,0.00218662223567019,9,0,Q2
5982,0.00218662223567019,1,0,Q2
0,0,2,0,Q3
9,2.0583119784216e-05,1,1,Q3
11,2.0583119784216e-05,1,0,Q3
12,2.0583119784216e-05,1,0,Q3
13,4.11679343672139e-05,0,1,Q3
14,4.11679343672139e-05,1,0,Q3
32,4.11679343672139e-05,1,0,Q3
36,4.11679343672139e-05,1,0,Q3
47,4.11679343672139e-05,1,0,Q3
48,4.11679343672139e-05,1,0,Q3
49,6.17552916718085e-05,1,1,Q3
50,8.23434966899482e-05,0,1,Q3
55,8.23434966899482e-05,1,0,Q3
56,8.23434966899482e-05,1,0,Q3
62,0.000123522874063521,0,2,Q3
63,0.000144113198670741,0,1,Q3
66,0.000144113198670741,1,0,Q3
70,0.000144113198670741,1,0,Q3
71,0.000164704795240935,0,1,Q3
79,0.000164704795240935,1,0,Q3
83,0.000164704795240935,1,0,Q3
84,0.000164704795240935,1,0,Q3
87,0.000185298088006197,0,1,Q3
97,0.000185298088006197,1,0,Q3
99,0.000185298088006197,2,0,Q3
102,0.000185298088006197,1,0,Q3
107,0.000185298088006197,1,0,Q3
109,0.000185298088006197,1,0,Q3
113,0.000185298088006197,1,0,Q3
114,0.000185298088006197,1,0,Q3
123,0.000185298088006197,1,0,Q3
125,0.000185298088006197,1,0,Q3
131,0.000185298088006197,1,0,Q3
135,0.000185298088006197,1,0,Q3
136,0.000205896895335996,0,1,Q3
154,0.000205896895335996,1,0,Q3
157,0.000205896895335996,1,0,Q3
159,0.000205896895335996,1,0,Q3
165,0.000226497400049039,0,1,Q3
168,0.000226497400049039,1,0,Q3
179,0.000226497400049039,1,0,Q3
180,0.000226497400049039,1,0,Q3
184,0.000226497400049039,1,0,Q3
187,0.0002471000268847,1,1,Q3
196,0.0002471000268847,1,0,Q3
201,0.0002471000268847,1,0,Q3
202,0.0002471000268847,2,0,Q3
205,0.0002471000268847,1,0,Q3
218,0.0002471000268847,1,0,Q3
220,0.0002471000268847,1,0,Q3
223,0.0002471000268847,1,0,Q3
224,0.000267706899277394,0,1,Q3
225,0.000267706899277394,1,0,Q3
230,0.000288314620991403,1,1,Q3
232,0.000288314620991403,1,0,Q3
236,0.000308923616818797,0,1,Q3
238,0.000329533037385654,0,1,Q3
244,0.000350142882709591,0,1,Q3
247,0.000350142882709591,1,0,Q3
250,0.000350142882709591,1,0,Q3
255,0.000350142882709591,1,0,Q3
262,0.000350142882709591,1,0,Q3
268,0.000350142882709591,1,0,Q3
274,0.000350142882709591,1,0,Q3
276,0.000370755701822425,1,1,Q3
277,0.000411983464603675,0,2,Q3
286,0.000432597983410034,0,1,Q3
287,0.000432597983410034,1,0,Q3
293,0.000453213352168083,0,1,Q3
297,0.000453213352168083,1,0,Q3
301,0.000453213352168083,1,0,Q3
304,0.000473829995985357,0,1,Q3
309,0.000473829995985357,1,0,Q3
310,0.000473829995985357,1,0,Q3
315,0.000473829995985357,1,0,Q3
324,0.000473829995985357,1,0,Q3
333,0.000473829995985357,2,0,Q3
346,0.000473829995985357,1,0,Q3
348,0.000473829995985357,1,0,Q3
356,0.000473829995985357,1,0,Q3
357,0.000473829995985357,1,0,Q3
368,0.000494451316369191,1,1,Q3
369,0.000515073487265854,1,1,Q3
374,0.000515073487265854,1,0,Q3
375,0.000515073487265854,1,0,Q3
377,0.000515073487265854,1,0,Q3
379,0.000535697784751408,0,1,Q3
385,0.000535697784751408,1,0,Q3
395,0.000535697784751408,1,0,Q3
402,0.000535697784751408,1,0,Q3
403,0.000535697784751408,2,0,Q3
406,0.000556324634722736,0,1,Q3
408,0.000556324634722736,1,0,Q3
410,0.000556324634722736,1,0,Q3
411,0.000556324634722736,1,0,Q3
416,0.000556324634722736,1,0,Q3
423,0.000556324634722736,1,0,Q3
427,0.000576954037811687,0,1,Q3
428,0.000576954037811687,1,0,Q3
429,0.000597584292080259,0,1,Q3
431,0.000618214971965113,1,1,Q3
439,0.000618214971965113,3,0,Q3
447,0.000618214971965113,1,0,Q3
461,0.000618214971965113,1,0,Q3
462,0.000618214971965113,1,0,Q3
463,0.000618214971965113,1,0,Q3
467,0.000638849483185859,0,1,Q3
469,0.000638849483185859,1,0,Q3
470,0.000638849483185859,1,0,Q3
474,0.000659485271834777,0,1,Q3
479,0.000659485271834777,1,0,Q3
481,0.000659485271834777,1,0,Q3
484,0.000659485271834777,1,0,Q3
485,0.000659485271834777,1,0,Q3
490,0.000659485271834777,1,0,Q3
497,0.000659485271834777,1,0,Q3
505,0.000659485271834777,1,0,Q3
507,0.000659485271834777,2,0,Q3
512,0.000659485271834777,1,0,Q3
514,0.000659485271834777,1,0,Q3
520,0.000680126171778768,0,1,Q3
524,0.000680126171778768,2,0,Q3
534,0.000680126171778768,1,0,Q3
537,0.000680126171778768,1,0,Q3
541,0.000680126171778768,1,0,Q3
542,0.000680126171778768,1,0,Q3
548,0.000680126171778768,1,0,Q3
552,0.000680126171778768,2,0,Q3
560,0.000700771333069807,1,1,Q3
562,0.000700771333069807,1,0,Q3
564,0.000700771333069807,1,0,Q3
565,0.00072141819939235,1,1,Q3
569,0.000742065918336366,0,1,Q3
574,0.000742065918336366,1,0,Q3
582,0.000742065918336366,1,0,Q3
583,0.000762714916344477,1,1,Q3
584,0.000762714916344477,1,0,Q3
587,0.000762714916344477,1,0,Q3
589,0.000762714916344477,1,0,Q3
591,0.000762714916344477,1,0,Q3
598,0.000762714916344477,1,0,Q3
603,0.000762714916344477,1,0,Q3
604,0.000762714916344477,1,0,Q3
605,0.000762714916344477,1,0,Q3
611,0.000783368179044432,0,1,Q3
613,0.000783368179044432,1,0,Q3
614,0.000783368179044432,1,0,Q3
616,0.000783368179044432,1,0,Q3
619,0.000804023148114342,1,1,Q3
621,0.000824678970474958,0,1,Q3
624,0.000845335219507495,1,1,Q3
627,0.000845335219507495,1,0,Q3
629,0.000865992748661132,0,1,Q3
632,0.000886650704557095,0,1,Q3
634,0.000886650704557095,1,0,Q3
636,0.000886650704557095,1,0,Q3
638,0.000886650704557095,1,0,Q3
639,0.000886650704557095,1,0,Q3
641,0.000886650704557095,1,0,Q3
646,0.000886650704557095,1,0,Q3
653,0.000886650704557095,1,0,Q3
656,0.000886650704557095,1,0,Q3
662,0.000907312501927584,0,1,Q3
663,0.000907312501927584,1,0,Q3
669,0.000907312501927584,1,0,Q3
674,0.000907312501927584,1,0,Q3
680,0.000927976007078744,0,1,Q3
682,0.000927976007078744,1,0,Q3
689,0.000927976007078744,1,0,Q3
705,0.000927976007078744,1,0,Q3
706,0.000927976007078744,1,0,Q3
707,0.000927976007078744,1,0,Q3
711,0.000927976007078744,1,0,Q3
712,0.000927976007078744,1,0,Q3
717,0.000927976007078744,2,0,Q3
721,0.000948643782916789,1,1,Q3
729,0.000969312413104114,0,1,Q3
732,0.000969312413104114,1,0,Q3
733,0.000989981897711315,0,1,Q3
735,0.00101065180955494,0,1,Q3
740,0.00101065180955494,1,0,Q3
741,0.00101065180955494,2,0,Q3
743,0.00101065180955494,1,0,Q3
744,0.00101065180955494,1,0,Q3
746,0.00103132428518802,0,1,Q3
747,0.00103132428518802,1,0,Q3
754,0.00103132428518802,2,0,Q3
768,0.00105199847036743,1,1,Q3
769,0.0010726735104261,1,1,Q3
770,0.0010726735104261,1,0,Q3
772,0.0010726735104261,1,0,Q3
776,0.0010726735104261,1,0,Q3
777,0.00109335068799203,0,1,Q3
779,0.00109335068799203,1,0,Q3
780,0.00109335068799203,1,0,Q3
783,0.00109335068799203,1,0,Q3
788,0.0011140295758822,0,1,Q3
790,0.0011140295758822,1,0,Q3
791,0.00113470931904057,0,1,Q3
798,0.00113470931904057,1,0,Q3
804,0.00113470931904057,2,0,Q3
805,0.00113470931904057,1,0,Q3
807,0.00113470931904057,1,0,Q3
808,0.00113470931904057,1,0,Q3
814,0.00113470931904057,1,0,Q3
818,0.0011553924839791,1,1,Q3
820,0.00117607650453972,0,1,Q3
823,0.00117607650453972,1,0,Q3
825,0.00117607650453972,1,0,Q3
826,0.00119676180866625,0,1,Q3
830,0.00119676180866625,1,0,Q3
832,0.00119676180866625,1,0,Q3
834,0.00119676180866625,1,0,Q3
838,0.00119676180866625,1,0,Q3
839,0.00119676180866625,1,0,Q3
842,0.00119676180866625,1,0,Q3
846,0.00119676180866625,1,0,Q3
851,0.00119676180866625,1,0,Q3
852,0.00119676180866625,1,0,Q3
853,0.00119676180866625,1,0,Q3
860,0.00119676180866625,1,0,Q3
863,0.00119676180866625,1,0,Q3
868,0.00119676180866625,1,0,Q3
873,0.00119676180866625,1,0,Q3
883,0.00119676180866625,1,0,Q3
889,0.00119676180866625,1,0,Q3
895,0.00119676180866625,1,0,Q3
897,0.00121745481753401,0,1,Q3
898,0.00123814825461125,0,1,Q3
902,0.00123814825461125,1,0,Q3
933,0.00123814825461125,1,0,Q3
935,0.00125884297642316,0,1,Q3
939,0.00125884297642316,1,0,Q3
940,0.00125884297642316,1,0,Q3
946,0.00127953898312937,1,1,Q3
948,0.00127953898312937,1,0,Q3
949,0.00127953898312937,2,0,Q3
951,0.00127953898312937,1,0,Q3
952,0.00127953898312937,2,0,Q3
953,0.00127953898312937,1,0,Q3
957,0.00127953898312937,1,0,Q3
959,0.00127953898312937,1,0,Q3
960,0.00127953898312937,1,0,Q3
961,0.00127953898312937,1,0,Q3
964,0.00127953898312937,1,0,Q3
965,0.00127953898312937,1,0,Q3
966,0.00127953898312937,1,0,Q3
967,0.0013209451360897,2,2,Q3
970,0.0013209451360897,1,0,Q3
985,0.00134165014152552,0,1,Q3
991,0.00136235557566747,0,1,Q3
993,0.00136235557566747,1,0,Q3
997,0.00138306186727493,0,1,Q3
1003,0.00138306186727493,1,0,Q3
1010,0.00140376901641888,0,1,Q3
1011,0.00140376901641888,2,0,Q3
1012,0.00142447745200092,1,1,Q3
1014,0.00144518674529705,0,1,Q3
1015,0.00144518674529705,1,0,Q3
1018,0.00146589689637835,0,1,Q3
1022,0.00146589689637835,1,0,Q3
1027,0.00146589689637835,1,0,Q3
1035,0.00146589689637835,1,0,Q3
1041,0.00148660876324322,0,1,Q3
1043,0.00148660876324322,1,0,Q3
1046,0.00148660876324322,1,0,Q3
1050,0.00148660876324322,1,0,Q3
1051,0.00148660876324322,1,0,Q3
1055,0.00148660876324322,1,0,Q3
1069,0.00148660876324322,2,0,Q3
1071,0.00148660876324322,1,0,Q3
1074,0.00148660876324322,1,0,Q3
1078,0.00148660876324322,1,0,Q3
1080,0.00148660876324322,1,0,Q3
1085,0.00148660876324322,1,0,Q3
1087,0.00148660876324322,1,0,Q3
1092,0.00148660876324322,2,0,Q3
1098,0.00150732749608632,0,1,Q3
1100,0.00150732749608632,1,0,Q3
1104,0.00150732749608632,2,0,Q3
1106,0.00152804794613528,0,1,Q3
1108,0.00152804794613528,1,0,Q3
1111,0.00152804794613528,1,0,Q3
1112,0.00152804794613528,1,0,Q3
1116,0.00152804794613528,1,0,Q3
1117,0.00152804794613528,1,0,Q3
1120,0.00152804794613528,1,0,Q3
1123,0.00152804794613528,1,0,Q3
1125,0.00152804794613528,1,0,Q3
1129,0.00152804794613528,1,0,Q3
1130,0.00152804794613528,1,0,Q3
1132,0.00154877311996848,0,1,Q3
1133,0.0015694987233433,0,1,Q3
1134,0.0015694987233433,2,0,Q3
1136,0.0015694987233433,1,0,Q3
1140,0.0015902260450631,0,1,Q3
1144,0.00161095379641366,0,1,Q3
1148,0.00161095379641366,1,0,Q3
1150,0.00163168240707929,1,1,Q3
1152,0.00167314177690285,0,2,Q3
1154,0.00167314177690285,1,0,Q3
1156,0.00169387253616762,0,1,Q3
1159,0.00169387253616762,1,0,Q3
1164,0.00169387253616762,1,0,Q3
1167,0.00169387253616762,2,0,Q3
1169,0.00169387253616762,1,0,Q3
1179,0.00169387253616762,1,0,Q3
1180,0.00171460630421965,0,1,Q3
1182,0.00171460630421965,1,0,Q3
1183,0.00171460630421965,1,0,Q3
1187,0.00173534136201939,0,1,Q3
1189,0.00173534136201939,1,0,Q3
1190,0.00173534136201939,1,0,Q3
1191,0.00173534136201939,1,0,Q3
1194,0.00173534136201939,1,0,Q3
1197,0.00175607856975512,0,1,Q3
1200,0.00175607856975512,1,0,Q3
1201,0.00175607856975512,1,0,Q3
1204,0.00175607856975512,1,0,Q3
1208,0.00175607856975512,2,0,Q3
1210,0.00175607856975512,1,0,Q3
1215,0.00175607856975512,1,0,Q3
1218,0.00175607856975512,1,0,Q3
1220,0.00175607856975512,1,0,Q3
1221,0.00175607856975512,1,0,Q3
1222,0.00177682050891969,0,1,Q3
1224,0.00177682050891969,1,0,Q3
1225,0.00177682050891969,1,0,Q3
1227,0.00177682050891969,1,0,Q3
1232,0.00177682050891969,1,0,Q3
1233,0.00177682050891969,1,0,Q3
1234,0.00179756502977389,0,1,Q3
1235,0.00179756502977389,1,0,Q3
1237,0.00181831041133403,0,1,Q3
1241,0.00181831041133403,1,0,Q3
1242,0.00181831041133403,1,0,Q3
1247,0.00181831041133403,1,0,Q3
1258,0.00181831041133403,1,0,Q3
1259,0.00181831041133403,1,0,Q3
1265,0.00181831041133403,1,0,Q3
1266,0.00181831041133403,1,0,Q3
1271,0.00183905923643249,1,1,Q3
1273,0.00183905923643249,1,0,Q3
1277,0.00185980935315265,1,1,Q3
1280,0.00185980935315265,1,0,Q3
1282,0.00188056076165519,1,1,Q3
1284,0.00188056076165519,1,0,Q3
1285,0.00188056076165519,1,0,Q3
1290,0.00188056076165519,2,0,Q3
1292,0.00188056076165519,1,0,Q3
1293,0.00188056076165519,1,0,Q3
1295,0.00190131561569736,1,1,Q3
1298,0.00192207133130327,0,1,Q3
1300,0.00192207133130327,1,0,Q3
1303,0.00192207133130327,1,0,Q3
1308,0.00192207133130327,1,0,Q3
1312,0.00192207133130327,1,0,Q3
1313,0.00192207133130327,1,0,Q3
1314,0.00196358836367182,1,2,Q3
1316,0.00196358836367182,1,0,Q3
1318,0.00198434838816942,0,1,Q3
1319,0.00198434838816942,1,0,Q3
1320,0.00198434838816942,1,0,Q3
1325,0.00198434838816942,1,0,Q3
1333,0.00200511013672457,1,1,Q3
1334,0.00200511013672457,1,0,Q3
1338,0.00200511013672457,1,0,Q3
1341,0.00200511013672457,3,0,Q3
1343,0.00200511013672457,1,0,Q3
1345,0.00202587533425429,0,1,Q3
1346,0.00202587533425429,1,0,Q3
1358,0.00202587533425429,1,0,Q3
1362,0.0020466418254448,0,1,Q3
1364,0.0020466418254448,1,0,Q3
1365,0.0020466418254448,1,0,Q3
1369,0.00206740961045742,0,1,Q3
1373,0.00206740961045742,1,0,Q3
1378,0.00206740961045742,1,0,Q3
1382,0.00208817868945335,1,1,Q3
1384,0.00210894863119445,0,1,Q3
1386,0.00212971900433499,0,1,Q3
1389,0.00212971900433499,1,0,Q3
1399,0.00212971900433499,1,0,Q3
1403,0.00212971900433499,1,0,Q3
1408,0.00212971900433499,1,0,Q3
1415,0.00212971900433499,1,0,Q3
1416,0.00212971900433499,1,0,Q3
1419,0.00212971900433499,1,0,Q3
1424,0.00212971900433499,1,0,Q3
1427,0.00215049326087701,0,1,Q3
1434,0.00215049326087701,2,0,Q3
1435,0.00219204479517341,0,2,Q3
1436,0.0022128212097883,1,1,Q3
1439,0.0022128212097883,1,0,Q3
1446,0.0022128212097883,1,0,Q3
1447,0.0022128212097883,1,0,Q3
1448,0.00223359978292443,0,1,Q3
1454,0.00223359978292443,1,0,Q3
1459,0.00223359978292443,1,0,Q3
1466,0.00225437965138858,0,1,Q3
1467,0.00225437965138858,1,0,Q3
1469,0.00225437965138858,1,0,Q3
1470,0.00227516081534233,0,1,Q3
1474,0.00227516081534233,1,0,Q3
1479,0.00229594284304548,0,1,Q3
1481,0.00229594284304548,1,0,Q3
1484,0.00229594284304548,2,0,Q3
1485,0.00229594284304548,1,0,Q3
1486,0.00229594284304548,1,0,Q3
1490,0.00231672746242791,1,1,Q3
1492,0.00233751294584707,0,1,Q3
1496,0.00235829886131142,5,1,Q3
1497,0.00235829886131142,1,0,Q3
1499,0.00237908780159592,0,1,Q3
1506,0.00237908780159592,1,0,Q3
1511,0.00237908780159592,1,0,Q3
1514,0.00237908780159592,2,0,Q3
1516,0.00239987890300524,0,1,Q3
1518,0.00239987890300524,1,0,Q3
1530,0.00239987890300524,1,0,Q3
1533,0.00239987890300524,1,0,Q3
1539,0.00239987890300524,1,0,Q3
1541,0.00242067216598882,2,1,Q3
1544,0.00242067216598882,1,0,Q3
1553,0.00242067216598882,2,0,Q3
1555,0.00242067216598882,1,0,Q3
1559,0.00244146845593144,0,1,Q3
1560,0.00244146845593144,2,0,Q3
1564,0.00244146845593144,2,0,Q3
1566,0.00244146845593144,2,0,Q3
1573,0.00244146845593144,1,0,Q3
1578,0.00244146845593144,1,0,Q3
1579,0.00244146845593144,2,0,Q3
1581,0.00244146845593144,2,0,Q3
1582,0.00244146845593144,1,0,Q3
1586,0.00244146845593144,1,0,Q3
1587,0.00246227123518352,0,1,Q3
1590,0.00246227123518352,2,0,Q3
1591,0.00246227123518352,1,0,Q3
1594,0.00246227123518352,1,0,Q3
1599,0.00246227123518352,2,0,Q3
1600,0.00246227123518352,1,0,Q3
1601,0.00246227123518352,1,0,Q3
1602,0.00246227123518352,1,0,Q3
1604,0.00246227123518352,1,0,Q3
1605,0.00248307877583693,2,1,Q3
1610,0.00248307877583693,1,0,Q3
1611,0.00248307877583693,2,0,Q3
1616,0.00248307877583693,1,0,Q3
1622,0.00248307877583693,1,0,Q3
1623,0.00250388978069704,0,1,Q3
1625,0.00250388978069704,1,0,Q3
1629,0.00254551395602409,0,2,Q3
1634,0.00256632669342014,0,1,Q3
1637,0.00256632669342014,1,0,Q3
1638,0.00256632669342014,1,0,Q3
1642,0.00256632669342014,1,0,Q3
1643,0.00256632669342014,2,0,Q3
1645,0.00258714203016101,0,1,Q3
1646,0.00258714203016101,1,0,Q3
1647,0.00258714203016101,1,0,Q3
1649,0.00258714203016101,1,0,Q3
1654,0.00258714203016101,1,0,Q3
1655,0.00258714203016101,1,0,Q3
1657,0.00262877833702664,2,2,Q3
1660,0.00262877833702664,1,0,Q3
1662,0.00262877833702664,2,0,Q3
1666,0.00262877833702664,1,0,Q3
1667,0.00262877833702664,1,0,Q3
1677,0.00262877833702664,1,0,Q3
1678,0.00262877833702664,1,0,Q3
1680,0.00262877833702664,2,0,Q3
1685,0.00262877833702664,1,0,Q3
1688,0.00262877833702664,1,0,Q3
1689,0.00262877833702664,1,0,Q3
1690,0.00262877833702664,1,0,Q3
1692,0.00262877833702664,1,0,Q3
1693,0.00262877833702664,3,0,Q3
1695,0.00262877833702664,1,0,Q3
1696,0.00262877833702664,1,0,Q3
1697,0.00262877833702664,1,0,Q3
1698,0.00262877833702664,2,0,Q3
1700,0.00262877833702664,1,0,Q3
1706,0.00264960798177791,0,1,Q3
1711,0.0026704380604122,0,1,Q3
1712,0.0026704380604122,2,0,Q3
1716,0.0026704380604122,1,0,Q3
1719,0.0026704380604122,1,0,Q3
1723,0.0026704380604122,2,0,Q3
1732,0.0026704380604122,1,0,Q3
1734,0.0026704380604122,1,0,Q3
1735,0.0026704380604122,1,0,Q3
1739,0.0026704380604122,1,0,Q3
1744,0.00269127291295427,3,1,Q3
1752,0.00269127291295427,2,0,Q3
1754,0.00269127291295427,1,0,Q3
1757,0.00269127291295427,2,0,Q3
1758,0.0027121116730488,0,1,Q3
1759,0.0027121116730488,1,0,Q3
1760,0.0027121116730488,1,0,Q3
1761,0.0027329517359865,0,1,Q3
1770,0.0027537922332416,0,1,Q3
1771,0.0027537922332416,1,0,Q3
1775,0.0027537922332416,2,0,Q3
1781,0.00277463446794678,0,1,Q3
1788,0.00277463446794678,2,0,Q3
1806,0.00277463446794678,1,0,Q3
1809,0.00277463446794678,2,0,Q3
1812,0.00277463446794678,2,0,Q3
1813,0.00279548017842147,2,1,Q3
1814,0.00279548017842147,1,0,Q3
1815,0.00281632762721567,0,1,Q3
1818,0.00281632762721567,1,0,Q3
1825,0.00281632762721567,1,0,Q3
1827,0.00281632762721567,2,0,Q3
1828,0.00281632762721567,1,0,Q3
1832,0.00281632762721567,1,0,Q3
1834,0.00281632762721567,1,0,Q3
1835,0.00281632762721567,1,0,Q3
1836,0.00281632762721567,2,0,Q3
1839,0.00281632762721567,1,0,Q3
1840,0.00281632762721567,1,0,Q3
1843,0.00283718072755111,0,1,Q3
1845,0.00283718072755111,1,0,Q3
1846,0.00283718072755111,1,0,Q3
1847,0.00285803513252351,0,1,Q3
1850,0.00285803513252351,1,0,Q3
1851,0.0028788904073446,0,1,Q3
1856,0.00289974611711736,0,1,Q3
1858,0.00289974611711736,1,0,Q3
1860,0.00289974611711736,1,0,Q3
1862,0.00289974611711736,1,0,Q3
1867,0.00289974611711736,1,0,Q3
1870,0.00289974611711736,1,0,Q3
1875,0.00289974611711736,2,0,Q3
1878,0.00292060530715585,1,1,Q3
1879,0.00294146536744222,0,1,Q3
1883,0.00294146536744222,1,0,Q3
1884,0.00294146536744222,1,0,Q3
1899,0.00294146536744222,1,0,Q3
1900,0.00294146536744222,1,0,Q3
1903,0.00294146536744222,2,0,Q3
1910,0.00296232847416819,0,1,Q3
1911,0.00296232847416819,1,0,Q3
1912,0.00298319245146894,0,1,Q3
1914,0.00298319245146894,1,0,Q3
1916,0.00298319245146894,3,0,Q3
1920,0.00298319245146894,2,0,Q3
1921,0.00298319245146894,1,0,Q3
1922,0.00300405991179537,0,1,Q3
1925,0.00300405991179537,1,0,Q3
1926,0.00300405991179537,1,0,Q3
1928,0.00302492867855629,0,1,Q3
1938,0.00304579788083183,0,1,Q3
1939,0.00304579788083183,1,0,Q3
1942,0.00304579788083183,2,0,Q3
1944,0.00304579788083183,1,0,Q3
1948,0.00304579788083183,1,0,Q3
1949,0.00304579788083183,1,0,Q3
1953,0.00306667013221807,0,1,Q3
1955,0.00306667013221807,1,0,Q3
1960,0.00306667013221807,1,0,Q3
1967,0.00306667013221807,1,0,Q3
1968,0.00308754412635331,2,1,Q3
1971,0.00308754412635331,1,0,Q3
1972,0.00308754412635331,1,0,Q3
1980,0.00308754412635331,1,0,Q3
1982,0.00310842073515769,0,1,Q3
1985,0.00312929777980408,0,1,Q3
1987,0.00315017526031056,1,1,Q3
1992,0.00317105361259181,0,1,Q3
1993,0.00317105361259181,2,0,Q3
1997,0.00317105361259181,1,0,Q3
2000,0.00317105361259181,1,0,Q3
2006,0.00319193414462852,0,1,Q3
2009,0.00319193414462852,1,0,Q3
2010,0.00319193414462852,1,0,Q3
2015,0.00319193414462852,1,0,Q3
2019,0.00319193414462852,1,0,Q3
2022,0.00319193414462852,1,0,Q3
2030,0.00319193414462852,1,0,Q3
2032,0.00319193414462852,2,0,Q3
2040,0.00319193414462852,1,0,Q3
2041,0.00319193414462852,1,0,Q3
2043,0.00319193414462852,1,0,Q3
2045,0.00319193414462852,2,0,Q3
2047,0.00319193414462852,1,0,Q3
2051,0.00319193414462852,1,0,Q3
2052,0.00319193414462852,1,0,Q3
2053,0.00319193414462852,1,0,Q3
2055,0.00319193414462852,1,0,Q3
2057,0.00319193414462852,1,0,Q3
2063,0.00319193414462852,1,0,Q3
2064,0.00321282383661081,0,1,Q3
2074,0.00321282383661081,1,0,Q3
2075,0.00323371440138798,1,1,Q3
2078,0.00323371440138798,1,0,Q3
2079,0.00325460627549422,0,1,Q3
2084,0.00327549858608008,1,1,Q3
2086,0.00329639176967968,2,1,Q3
2088,0.00329639176967968,1,0,Q3
2089,0.00329639176967968,2,0,Q3
2093,0.00329639176967968,1,0,Q3
2094,0.00329639176967968,1,0,Q3
2095,0.00329639176967968,1,0,Q3
2098,0.00329639176967968,1,0,Q3
2099,0.00329639176967968,2,0,Q3
2100,0.00331729019289443,0,1,Q3
2101,0.0033381890528624,1,1,Q3
2104,0.0033381890528624,1,0,Q3
2105,0.0033381890528624,1,0,Q3
2106,0.0033590896600258,0,1,Q3
2108,0.00337999070403371,1,1,Q3
2113,0.00337999070403371,1,0,Q3
2116,0.00337999070403371,1,0,Q3
2118,0.00337999070403371,1,0,Q3
2127,0.00337999070403371,1,0,Q3
2132,0.00340089436949221,0,1,Q3
2133,0.00340089436949221,1,0,Q3
2134,0.00342179890891378,0,1,Q3
2137,0.00342179890891378,1,0,Q3
2149,0.00342179890891378,2,0,Q3
2153,0.00344270519648049,0,1,Q3
2154,0.00344270519648049,1,0,Q3
2156,0.00346361235822942,0,1,Q3
2157,0.00348451995709701,0,1,Q3
2161,0.00348451995709701,1,0,Q3
2165,0.00348451995709701,1,0,Q3
2170,0.00350542886742991,0,1,Q3
2174,0.00350542886742991,1,0,Q3
2177,0.00352633865216446,0,1,Q3
2178,0.00352633865216446,1,0,Q3
2182,0.00352633865216446,1,0,Q3
2183,0.00352633865216446,1,0,Q3
2184,0.00352633865216446,1,0,Q3
2185,0.00352633865216446,1,0,Q3
2186,0.00354725106054274,0,1,Q3
2187,0.00356816390625898,1,1,Q3
2193,0.00358907762670606,0,1,Q3
2197,0.00360999178454588,0,1,Q3
2199,0.00360999178454588,1,0,Q3
2202,0.00363090681722637,0,1,Q3
2204,0.00363090681722637,1,0,Q3
2205,0.00363090681722637,1,0,Q3
2211,0.00365182316230493,3,1,Q3
2212,0.00365182316230493,2,0,Q3
2213,0.00365182316230493,1,0,Q3
2218,0.00367274257028646,0,1,Q3
2220,0.00369366241589878,0,1,Q3
2221,0.00369366241589878,1,0,Q3
2224,0.00371458313682757,0,1,Q3
2227,0.00371458313682757,1,0,Q3
2229,0.00373550473314615,0,1,Q3
2232,0.00373550473314615,2,0,Q3
2236,0.00373550473314615,1,0,Q3
2238,0.00373550473314615,1,0,Q3
2240,0.00373550473314615,2,0,Q3
2241,0.00375642939390593,0,1,Q3
2248,0.00375642939390593,1,0,Q3
2249,0.00377735493038511,0,1,Q3
2252,0.00377735493038511,1,0,Q3
2261,0.00377735493038511,1,0,Q3
2265,0.00379828178058105,0,1,Q3
2270,0.0038192090687192,1,1,Q3
2276,0.0038192090687192,2,0,Q3
2277,0.0038192090687192,1,0,Q3
2278,0.0038192090687192,1,0,Q3
2282,0.0038192090687192,1,0,Q3
2284,0.00384013942296622,0,1,Q3
2291,0.00384013942296622,1,0,Q3
2295,0.00384013942296622,2,0,Q3
2296,0.00384013942296622,1,0,Q3
2300,0.00384013942296622,1,0,Q3
2301,0.00384013942296622,1,0,Q3
2306,0.00384013942296622,1,0,Q3
2320,0.00384013942296622,1,0,Q3
2328,0.00384013942296622,1,0,Q3
2329,0.00384013942296622,1,0,Q3
2330,0.00386107459719991,1,1,Q3
2331,0.00390294713719424,0,2,Q3
2335,0.00390294713719424,2,0,Q3
2343,0.00392388494144747,0,1,Q3
2345,0.00392388494144747,1,0,Q3
2346,0.00392388494144747,1,0,Q3
2347,0.00392388494144747,1,0,Q3
2349,0.00392388494144747,1,0,Q3
2354,0.00394482493788835,0,1,Q3
2357,0.00394482493788835,1,0,Q3
2361,0.00394482493788835,1,0,Q3
2363,0.00394482493788835,1,0,Q3
2364,0.00396576668840999,0,1,Q3
2367,0.00396576668840999,1,0,Q3
2368,0.00396576668840999,1,0,Q3
2371,0.00396576668840999,1,0,Q3
2374,0.00396576668840999,1,0,Q3
2381,0.00396576668840999,1,0,Q3
2385,0.00396576668840999,1,0,Q3
2390,0.00398671150928016,0,1,Q3
2391,0.00400765676884505,1,1,Q3
2392,0.00400765676884505,2,0,Q3
2395,0.00404955123668669,1,2,Q3
2396,0.00404955123668669,1,0,Q3
2397,0.00407050000647087,0,1,Q3
2401,0.00407050000647087,2,0,Q3
2403,0.00407050000647087,1,0,Q3
2405,0.00407050000647087,1,0,Q3
2409,0.00407050000647087,1,0,Q3
2416,0.00407050000647087,1,0,Q3
2417,0.00409145184866242,0,1,Q3
2418,0.00411240412984275,1,1,Q3
2420,0.00411240412984275,1,0,Q3
2424,0.00411240412984275,1,0,Q3
2428,0.00411240412984275,1,0,Q3
2430,0.00411240412984275,2,0,Q3
2431,0.00411240412984275,1,0,Q3
2432,0.00413335992359651,0,1,Q3
2433,0.00413335992359651,1,0,Q3
2435,0.0041543165956777,0,1,Q3
2437,0.0041752737069502,0,1,Q3
2438,0.00419623125743253,0,1,Q3
2441,0.00421718924714288,0,1,Q3
2442,0.00421718924714288,1,0,Q3
2445,0.00423814811536472,0,1,Q3
2450,0.00423814811536472,1,0,Q3
2451,0.00423814811536472,2,0,Q3
2454,0.00423814811536472,2,0,Q3
2457,0.00425910961956294,2,1,Q3
2459,0.00428007244199817,0,1,Q3
2464,0.00428007244199817,1,0,Q3
2466,0.00428007244199817,1,0,Q3
2467,0.00428007244199817,1,0,Q3
2469,0.00428007244199817,1,0,Q3
2474,0.00430103746186324,2,1,Q3
2479,0.00430103746186324,1,0,Q3
2480,0.00430103746186324,1,0,Q3
2481,0.00432200467961897,0,1,Q3
2486,0.00434297233700814,0,1,Q3
2494,0.00436394043404919,0,1,Q3
2495,0.00438490897076066,0,1,Q3
2498,0.00438490897076066,1,0,Q3
2502,0.00438490897076066,2,0,Q3
2503,0.00440587926633774,0,1,Q3
2504,0.00440587926633774,1,0,Q3
2506,0.00440587926633774,1,0,Q3
2510,0.00440587926633774,2,0,Q3
2513,0.00442685176091187,0,1,Q3
2515,0.00442685176091187,1,0,Q3
2516,0.00442685176091187,1,0,Q3
2520,0.00444782557510559,1,1,Q3
2524,0.00446880026913799,1,1,Q3
2525,0.00446880026913799,1,0,Q3
2537,0.00446880026913799,1,0,Q3
2543,0.00446880026913799,2,0,Q3
2548,0.00446880026913799,1,0,Q3
2549,0.00446880026913799,1,0,Q3
2550,0.00446880026913799,4,0,Q3
2552,0.00446880026913799,1,0,Q3
2553,0.00446880026913799,2,0,Q3
2560,0.0044897815643141,0,1,Q3
2562,0.0044897815643141,1,0,Q3
2563,0.00451076373995665,1,1,Q3
2564,0.00453174679613959,0,1,Q3
2567,0.00453174679613959,1,0,Q3
2568,0.00455273073293666,0,1,Q3
2571,0.00455273073293666,1,0,Q3
2572,0.00455273073293666,1,0,Q3
2574,0.00455273073293666,1,0,Q3
2577,0.00455273073293666,1,0,Q3
2580,0.00455273073293666,1,0,Q3
2583,0.00457371731202012,1,1,Q3
2592,0.00457371731202012,1,0,Q3
2593,0.00459470521249627,0,1,Q3
2596,0.00459470521249627,1,0,Q3
2597,0.00461569399399328,0,1,Q3
2599,0.00461569399399328,1,0,Q3
2603,0.00461569399399328,2,0,Q3
2610,0.00463668453775411,0,1,Q3
2615,0.00465767552212712,1,1,Q3
2616,0.00465767552212712,1,0,Q3
2618,0.00467866782844766,0,1,Q3
2625,0.00469966057545436,0,1,Q3
2627,0.00469966057545436,1,0,Q3
2629,0.00469966057545436,1,0,Q3
2631,0.00472065464463059,0,1,Q3
2633,0.00472065464463059,1,0,Q3
2640,0.00474164959534572,1,1,Q3
2641,0.00474164959534572,1,0,Q3
2642,0.00478364258252301,0,2,Q3
2643,0.00480463973740935,0,1,Q3
2644,0.00482563733318545,0,1,Q3
2647,0.00482563733318545,1,0,Q3
2652,0.00482563733318545,1,0,Q3
2662,0.00484663625174193,0,1,Q3
2664,0.00484663625174193,1,0,Q3
2668,0.00484663625174193,1,0,Q3
2672,0.00484663625174193,1,0,Q3
2674,0.00484663625174193,1,0,Q3
2676,0.00484663625174193,1,0,Q3
2681,0.00484663625174193,1,0,Q3
2685,0.00484663625174193,1,0,Q3
2686,0.00484663625174193,1,0,Q3
2689,0.00486763913963979,1,1,Q3
2690,0.00486763913963979,1,0,Q3
2699,0.00486763913963979,2,0,Q3
2700,0.00488864423337589,0,1,Q3
2701,0.00488864423337589,1,0,Q3
2702,0.00490965020957692,0,1,Q3
2704,0.00490965020957692,1,0,Q3
2706,0.00490965020957692,1,0,Q3
2712,0.00490965020957692,1,0,Q3
2714,0.00490965020957692,1,0,Q3
2715,0.00493065839226492,0,1,Q3
2716,0.00495166701630592,0,1,Q3
2717,0.00495166701630592,2,0,Q3
2718,0.00497267696451724,0,1,Q3
2722,0.00497267696451724,1,0,Q3
2725,0.00499368779560146,0,1,Q3
2726,0.00501469906814997,0,1,Q3
2731,0.00503571078218134,2,1,Q3
2732,0.00503571078218134,1,0,Q3
2741,0.00505672426232962,0,1,Q3
2743,0.00505672426232962,1,0,Q3
2745,0.00505672426232962,1,0,Q3
2747,0.0050777390672605,0,1,Q3
2753,0.0050777390672605,1,0,Q3
2754,0.0050777390672605,1,0,Q3
2755,0.00509875519714094,0,1,Q3
2757,0.00509875519714094,2,0,Q3
2761,0.00509875519714094,1,0,Q3
2768,0.00511977309388079,0,1,Q3
2771,0.00511977309388079,2,0,Q3
2772,0.00514079231596016,0,1,Q3
2779,0.00514079231596016,1,0,Q3
2782,0.00514079231596016,1,0,Q3
2784,0.00518283385300491,0,2,Q3
2787,0.00518283385300491,2,0,Q3
2789,0.00518283385300491,1,0,Q3
2790,0.0052038566101403,0,1,Q3
2791,0.0052038566101403,1,0,Q3
2792,0.0052038566101403,1,0,Q3
2799,0.0052038566101403,2,0,Q3
2800,0.00522488157728957,0,1,Q3
2802,0.00524590698649738,0,1,Q3
2804,0.00526693283778232,0,1,Q3
2806,0.00526693283778232,1,0,Q3
2807,0.00526693283778232,1,0,Q3
2811,0.00526693283778232,1,0,Q3
2812,0.00528796045756165,1,1,Q3
2814,0.00530898896169982,0,1,Q3
2821,0.00533001790804527,1,1,Q3
2824,0.00535104773886099,0,1,Q3
2827,0.00535104773886099,1,0,Q3
2828,0.00537207845422162,0,1,Q3
2830,0.00539310961188254,0,1,Q3
2832,0.00541414121186225,0,1,Q3
2833,0.00541414121186225,1,0,Q3
2835,0.00541414121186225,1,0,Q3
2837,0.00543517413891031,1,1,Q3
2846,0.0054562079507636,0,1,Q3
2850,0.00547724220504755,0,1,Q3
2852,0.00547724220504755,1,0,Q3
2855,0.00547724220504755,4,0,Q3
2861,0.00549827911430556,1,1,Q3
2865,0.00551931690870402,0,1,Q3
2866,0.00551931690870402,1,0,Q3
2869,0.00551931690870402,1,0,Q3
2876,0.00554035603095265,1,1,Q3
2880,0.00554035603095265,1,0,Q3
2881,0.00556139648121904,0,1,Q3
2882,0.00556139648121904,1,0,Q3
2883,0.00556139648121904,1,0,Q3
2887,0.00558243825967094,0,1,Q3
2888,0.00558243825967094,1,0,Q3
2892,0.00558243825967094,1,0,Q3
2893,0.00558243825967094,1,0,Q3
2896,0.00560348180929771,0,1,Q3
2899,0.00562452580176466,0,1,Q3
2903,0.00562452580176466,1,0,Q3
2912,0.00562452580176466,1,0,Q3
2913,0.00564557112286439,1,1,Q3
2914,0.00564557112286439,1,0,Q3
2915,0.00566661777276456,2,1,Q3
2918,0.00566661777276456,1,0,Q3
2926,0.00568766619465993,0,1,Q3
2927,0.00568766619465993,3,0,Q3
2929,0.00568766619465993,1,0,Q3
2932,0.00568766619465993,1,0,Q3
2934,0.00568766619465993,1,0,Q3
2936,0.00568766619465993,1,0,Q3
2942,0.00568766619465993,1,0,Q3
2960,0.00570871860463538,0,1,Q3
2961,0.00570871860463538,1,0,Q3
2968,0.00570871860463538,2,0,Q3
2969,0.00570871860463538,1,0,Q3
2970,0.00570871860463538,1,0,Q3
2971,0.00570871860463538,1,0,Q3
2972,0.00570871860463538,1,0,Q3
2976,0.00570871860463538,1,0,Q3
2977,0.00572977500420247,0,1,Q3
2978,0.00572977500420247,1,0,Q3
2979,0.00572977500420247,1,0,Q3
2981,0.00572977500420247,1,0,Q3
2982,0.00575083317740665,2,1,Q3
2986,0.00575083317740665,2,0,Q3
2992,0.00575083317740665,2,0,Q3
2996,0.00575083317740665,1,0,Q3
2998,0.00575083317740665,1,0,Q3
2999,0.00575083317740665,2,0,Q3
3002,0.00575083317740665,1,0,Q3
3004,0.00577189667331592,0,1,Q3
3015,0.00577189667331592,1,0,Q3
3018,0.00577189667331592,1,0,Q3
3024,0.00577189667331592,1,0,Q3
3028,0.00577189667331592,1,0,Q3
3035,0.00577189667331592,1,0,Q3
3037,0.00579296283158668,1,1,Q3
3040,0.00579296283158668,1,0,Q3
3043,0.00581403032129069,0,1,Q3
3044,0.00581403032129069,1,0,Q3
3049,0.00581403032129069,1,0,Q3
3054,0.00581403032129069,2,0,Q3
3061,0.00585617018349959,0,2,Q3
3062,0.0058772407805358,1,1,Q3
3069,0.0058772407805358,1,0,Q3
3071,0.0058772407805358,1,0,Q3
3073,0.0058772407805358,1,0,Q3
3074,0.0058772407805358,1,0,Q3
3075,0.0058772407805358,1,0,Q3
3076,0.0058772407805358,1,0,Q3
3077,0.00589831492993116,0,1,Q3
3079,0.00591938952345566,0,1,Q3
3080,0.00594046456112801,0,1,Q3
3081,0.00596154004296705,0,1,Q3
3084,0.00596154004296705,1,0,Q3
3085,0.00596154004296705,1,0,Q3
3087,0.00598261685741809,0,1,Q3
3090,0.00598261685741809,1,0,Q3
3092,0.00600369456037079,0,1,Q3
3093,0.00602477270760242,0,1,Q3
3095,0.0060458512991317,0,1,Q3
3099,0.0060458512991317,1,0,Q3
3100,0.00606693077931246,0,1,Q3
3106,0.00606693077931246,1,0,Q3
3107,0.00608801114821978,0,1,Q3
3109,0.00608801114821978,1,0,Q3
3114,0.00610909240592842,0,1,Q3
3116,0.00610909240592842,1,0,Q3
3117,0.00610909240592842,3,0,Q3
3123,0.00613017588596845,2,1,Q3
3125,0.00613017588596845,1,0,Q3
3127,0.00613017588596845,1,0,Q3
3132,0.00613017588596845,1,0,Q3
3134,0.00613017588596845,2,0,Q3
3137,0.00615126292271341,0,1,Q3
3142,0.00615126292271341,1,0,Q3
3147,0.00615126292271341,1,0,Q3
3151,0.00617235129353214,0,1,Q3
3157,0.00617235129353214,2,0,Q3
3160,0.00617235129353214,1,0,Q3
3161,0.00617235129353214,1,0,Q3
3166,0.00617235129353214,1,0,Q3
3168,0.00619344233300484,0,1,Q3
3171,0.00621453381731887,0,1,Q3
3173,0.00621453381731887,1,0,Q3
3174,0.00621453381731887,1,0,Q3
3177,0.00621453381731887,1,0,Q3
3184,0.00623562708118585,1,1,Q3
3185,0.00623562708118585,1,0,Q3
3187,0.00623562708118585,1,0,Q3
3188,0.00623562708118585,2,0,Q3
3191,0.00625672301494535,1,1,Q3
3192,0.00625672301494535,1,0,Q3
3194,0.00625672301494535,1,0,Q3
3196,0.00625672301494535,1,0,Q3
3197,0.00625672301494535,1,0,Q3
3204,0.00625672301494535,1,0,Q3
3206,0.00627782206443402,0,1,Q3
3210,0.00627782206443402,1,0,Q3
3214,0.00627782206443402,1,0,Q3
3224,0.00627782206443402,1,0,Q3
3225,0.00627782206443402,1,0,Q3
3228,0.00629892334000687,1,1,Q3
3230,0.00629892334000687,1,0,Q3
3233,0.0063200259514558,0,1,Q3
3234,0.0063200259514558,1,0,Q3
3238,0.0063200259514558,1,0,Q3
3239,0.00634112989894995,0,1,Q3
3240,0.00636223429183021,0,1,Q3
3241,0.00638333913011527,1,1,Q3
3246,0.00638333913011527,1,0,Q3
3249,0.00638333913011527,3,0,Q3
3251,0.00638333913011527,2,0,Q3
3253,0.00640444753231549,0,1,Q3
3256,0.00642555638008986,0,1,Q3
3257,0.00642555638008986,1,0,Q3
3259,0.00644666611906863,0,1,Q3
3262,0.00644666611906863,1,0,Q3
3277,0.00644666611906863,1,0,Q3
3279,0.00644666611906863,1,0,Q3
3281,0.00644666611906863,1,0,Q3
3288,0.0064888904994321,0,2,Q3
3291,0.0064888904994321,1,0,Q3
3298,0.0064888904994321,2,0,Q3
3303,0.0064888904994321,3,0,Q3
3306,0.0064888904994321,1,0,Q3
3308,0.0064888904994321,1,0,Q3
3309,0.0064888904994321,1,0,Q3
3310,0.0064888904994321,1,0,Q3
3313,0.0064888904994321,1,0,Q3
3314,0.00651000826263945,0,1,Q3
3315,0.00651000826263945,2,0,Q3
3327,0.00651000826263945,1,0,Q3
3329,0.00651000826263945,1,0,Q3
3334,0.00651000826263945,1,0,Q3
3349,0.00651000826263945,1,0,Q3
3353,0.00651000826263945,1,0,Q3
3358,0.00651000826263945,1,0,Q3
3359,0.006531130040249,3,1,Q3
3360,0.006531130040249,1,0,Q3
3361,0.006531130040249,1,0,Q3
3362,0.006531130040249,2,0,Q3
3363,0.00655225538749774,0,1,Q3
3364,0.00655225538749774,1,0,Q3
3365,0.00657338162734479,0,1,Q3
3371,0.00657338162734479,1,0,Q3
3372,0.00659450875986555,0,1,Q3
3377,0.00659450875986555,1,0,Q3
3383,0.00659450875986555,1,0,Q3
3385,0.00661563723153833,0,1,Q3
3389,0.00661563723153833,1,0,Q3
3392,0.00661563723153833,1,0,Q3
3393,0.00661563723153833,1,0,Q3
3396,0.00663676748901126,0,1,Q3
3399,0.00665789819298141,0,1,Q3
3408,0.00667902934346776,0,1,Q3
3413,0.00667902934346776,1,0,Q3
3418,0.00667902934346776,2,0,Q3
3420,0.0067001622802071,0,1,Q3
3423,0.00672129566355689,0,1,Q3
3424,0.00672129566355689,1,0,Q3
3429,0.00674242994018416,0,1,Q3
3430,0.00674242994018416,1,0,Q3
3431,0.00676356511016451,0,1,Q3
3435,0.00676356511016451,1,0,Q3
3438,0.00676356511016451,1,0,Q3
3441,0.00676356511016451,1,0,Q3
3442,0.00676356511016451,1,0,Q3
3443,0.00678470251385797,1,1,Q3
3446,0.00678470251385797,2,0,Q3
3447,0.0068058417048619,1,1,Q3
3449,0.0068058417048619,2,0,Q3
3450,0.00682698268347863,0,1,Q3
3456,0.00682698268347863,1,0,Q3
3457,0.00684812455601513,1,1,Q3
3459,0.00686926732254693,0,1,Q3
3464,0.00691155419670741,1,2,Q3
3469,0.00693269875145673,0,1,Q3
3470,0.00693269875145673,1,0,Q3
3471,0.00695384420042827,2,1,Q3
3472,0.00695384420042827,1,0,Q3
3476,0.00697499143807113,0,1,Q3
3477,0.00697499143807113,2,0,Q3
3479,0.00701728904403291,1,2,Q3
3480,0.00701728904403291,1,0,Q3
3486,0.00701728904403291,1,0,Q3
3488,0.00701728904403291,1,0,Q3
3490,0.00701728904403291,1,0,Q3
3493,0.00701728904403291,1,0,Q3
3495,0.00703844120208261,0,1,Q3
3503,0.00703844120208261,2,0,Q3
3504,0.00703844120208261,1,0,Q3
3505,0.00705959514993896,1,1,Q3
3506,0.00705959514993896,1,0,Q3
3507,0.00708075044034898,0,1,Q3
3508,0.00708075044034898,2,0,Q3
3513,0.00708075044034898,1,0,Q3
3517,0.00710190752109579,0,1,Q3
3518,0.00710190752109579,1,0,Q3
3521,0.00712306549712457,0,1,Q3
3522,0.00712306549712457,1,0,Q3
3524,0.00712306549712457,1,0,Q3
3526,0.00714422481621841,0,1,Q3
3530,0.00714422481621841,1,0,Q3
3546,0.00714422481621841,1,0,Q3
3549,0.00714422481621841,1,0,Q3
3552,0.00716538592633102,0,1,Q3
3553,0.00716538592633102,1,0,Q3
3558,0.00716538592633102,1,0,Q3
3560,0.00718654837990667,0,1,Q3
3567,0.00718654837990667,1,0,Q3
3572,0.00718654837990667,1,0,Q3
3573,0.00720771217711588,1,1,Q3
3576,0.00720771217711588,1,0,Q3
3579,0.00720771217711588,1,0,Q3
3580,0.00720771217711588,1,0,Q3
3581,0.00720771217711588,1,0,Q3
3582,0.00720771217711588,1,0,Q3
3583,0.0072288791101339,0,1,Q3
3584,0.00725004649120045,0,1,Q3
3590,0.00725004649120045,1,0,Q3
3591,0.00725004649120045,1,0,Q3
3595,0.00725004649120045,1,0,Q3
3600,0.00727121566465087,0,1,Q3
3601,0.00727121566465087,1,0,Q3
3602,0.00727121566465087,2,0,Q3
3605,0.0072923866307888,0,1,Q3
3607,0.00731355804514603,1,1,Q3
3612,0.00733473035599873,1,1,Q3
3615,0.00735590356342278,0,1,Q3
3616,0.00735590356342278,1,0,Q3
3618,0.00737707766749426,0,1,Q3
3619,0.00737707766749426,1,0,Q3
3621,0.00739825266828915,1,1,Q3
3627,0.00739825266828915,1,0,Q3
3633,0.00739825266828915,1,0,Q3
3635,0.00739825266828915,1,0,Q3
3636,0.00741942991122464,0,1,Q3
3637,0.00741942991122464,1,0,Q3
3641,0.00744060805114945,0,1,Q3
3642,0.00744060805114945,1,0,Q3
3652,0.00744060805114945,1,0,Q3
3655,0.00744060805114945,1,0,Q3
3659,0.00746178798528066,0,1,Q3
3662,0.00748296836801099,0,1,Q3
3669,0.00748296836801099,1,0,Q3
3670,0.00750414964799661,0,1,Q3
3674,0.00750414964799661,1,0,Q3
3675,0.00750414964799661,1,0,Q3
3676,0.00750414964799661,1,0,Q3
3683,0.0075253327227207,2,1,Q3
3686,0.0075465171436983,0,1,Q3
3690,0.0075465171436983,1,0,Q3
3692,0.00756770246227332,0,1,Q3
3698,0.00756770246227332,1,0,Q3
3699,0.00756770246227332,1,0,Q3
3700,0.00756770246227332,1,0,Q3
3705,0.00758888957627136,0,1,Q3
3706,0.00758888957627136,1,0,Q3
3707,0.00758888957627136,1,0,Q3
3708,0.00758888957627136,1,0,Q3
3711,0.00758888957627136,2,0,Q3
3713,0.00758888957627136,1,0,Q3
3716,0.00761007983299203,0,1,Q3
3718,0.00761007983299203,1,0,Q3
3721,0.00761007983299203,1,0,Q3
3722,0.00761007983299203,2,0,Q3
3723,0.00761007983299203,2,0,Q3
3728,0.007631273233368,1,1,Q3
3734,0.007631273233368,2,0,Q3
3735,0.00765246843053711,0,1,Q3
3737,0.00767366407695212,0,1,Q3
3744,0.00769486017263209,1,1,Q3
3745,0.00769486017263209,1,0,Q3
3746,0.00769486017263209,1,0,Q3
3750,0.00769486017263209,2,0,Q3
3754,0.00769486017263209,1,0,Q3
3760,0.0077160594137001,0,1,Q3
3762,0.0077160594137001,1,0,Q3
3764,0.0077160594137001,1,0,Q3
3766,0.0077372600030773,0,1,Q3
3769,0.0077372600030773,1,0,Q3
3771,0.00775846149142258,0,1,Q3
3772,0.00775846149142258,1,0,Q3
3774,0.00777966387881221,0,1,Q3
3781,0.00777966387881221,1,0,Q3
3787,0.00777966387881221,1,0,Q3
3789,0.00777966387881221,1,0,Q3
3790,0.00780086806451927,0,1,Q3
3799,0.00780086806451927,1,0,Q3
3800,0.00780086806451927,1,0,Q3
3804,0.00780086806451927,1,0,Q3
3805,0.00780086806451927,1,0,Q3
3807,0.0078432813823074,0,2,Q3
3808,0.00786448871580417,0,1,Q3
3810,0.00786448871580417,1,0,Q3
3813,0.00786448871580417,1,0,Q3
3817,0.00786448871580417,1,0,Q3
3818,0.00786448871580417,1,0,Q3
3820,0.00788569829829428,1,1,Q3
3823,0.00790690878051539,2,1,Q3
3826,0.00790690878051539,1,0,Q3
3831,0.00792812106242744,0,1,Q3
3838,0.00792812106242744,1,0,Q3
3839,0.00792812106242744,1,0,Q3
3840,0.00792812106242744,1,0,Q3
3844,0.00792812106242744,1,0,Q3
3851,0.00792812106242744,1,0,Q3
3852,0.00792812106242744,1,0,Q3
3857,0.00792812106242744,1,0,Q3
3860,0.00794933694463763,0,1,Q3
3862,0.00794933694463763,1,0,Q3
3872,0.00797055372711331,0,1,Q3
3873,0.00797055372711331,1,0,Q3
3878,0.00799177140993102,0,1,Q3
3881,0.00799177140993102,1,0,Q3
3882,0.00799177140993102,1,0,Q3
3884,0.00799177140993102,1,0,Q3
3886,0.00799177140993102,1,0,Q3
3888,0.00799177140993102,1,0,Q3
3889,0.00799177140993102,1,0,Q3
3890,0.00799177140993102,1,0,Q3
3891,0.00799177140993102,1,0,Q3
3892,0.00799177140993102,1,0,Q3
3893,0.00799177140993102,1,0,Q3
3894,0.0080129940459955,0,1,Q3
3900,0.0080129940459955,1,0,Q3
3904,0.00803421758289874,0,1,Q3
3906,0.00805544157025007,0,1,Q3
3909,0.00805544157025007,1,0,Q3
3911,0.00805544157025007,1,0,Q3
3912,0.00805544157025007,1,0,Q3
3914,0.00807666735958486,0,1,Q3
3915,0.00807666735958486,2,0,Q3
3917,0.00807666735958486,1,0,Q3
3919,0.00807666735958486,1,0,Q3
3920,0.00807666735958486,1,0,Q3
3921,0.00807666735958486,1,0,Q3
3923,0.00807666735958486,1,0,Q3
3924,0.00807666735958486,1,0,Q3
3927,0.00809789720450166,1,1,Q3
3928,0.00809789720450166,1,0,Q3
3931,0.00809789720450166,3,0,Q3
3935,0.00811912975400091,1,1,Q3
3938,0.00814036320518069,0,1,Q3
3940,0.0081615971072295,1,1,Q3
3941,0.0081615971072295,2,0,Q3
3945,0.0081828328129458,1,1,Q3
3949,0.00820406942061085,0,1,Q3
3952,0.00820406942061085,1,0,Q3
3953,0.00822530693030129,0,1,Q3
3955,0.00822530693030129,1,0,Q3
3956,0.00824654534209367,0,1,Q3
3958,0.00824654534209367,1,0,Q3
3960,0.00824654534209367,1,0,Q3
3963,0.00826778510718271,0,1,Q3
3965,0.00828902532340895,1,1,Q3
3974,0.00828902532340895,1,0,Q3
3981,0.0083102668931618,0,1,Q3
3982,0.0083102668931618,2,0,Q3
3984,0.0083102668931618,1,0,Q3
3986,0.00833151026788514,0,1,Q3
3988,0.00833151026788514,1,0,Q3
3989,0.00835275454520868,1,1,Q3
3990,0.00835275454520868,1,0,Q3
3992,0.00837400017657661,1,1,Q3
3993,0.00839524671073648,1,1,Q3
3996,0.0084377420362571,2,2,Q3
3997,0.0084377420362571,2,0,Q3
3999,0.0084377420362571,2,0,Q3
4001,0.00845899308552838,0,1,Q3
4005,0.00845899308552838,2,0,Q3
4006,0.00848024548970741,0,1,Q3
4008,0.00850149834556073,1,1,Q3
4013,0.00850149834556073,1,0,Q3
4014,0.00850149834556073,1,0,Q3
4015,0.00850149834556073,1,0,Q3
4016,0.00850149834556073,2,0,Q3
4017,0.00850149834556073,1,0,Q3
4020,0.00850149834556073,1,0,Q3
4027,0.00850149834556073,1,0,Q3
4028,0.00850149834556073,1,0,Q3
4030,0.00850149834556073,1,0,Q3
4031,0.00850149834556073,2,0,Q3
4039,0.00850149834556073,1,0,Q3
4047,0.00850149834556073,1,0,Q3
4051,0.00850149834556073,2,0,Q3
4053,0.00852275933483532,2,1,Q3
4060,0.00852275933483532,1,0,Q3
4064,0.00854402213238232,0,1,Q3
4066,0.00854402213238232,2,0,Q3
4067,0.00856528628633551,0,1,Q3
4070,0.00858655089246266,0,1,Q3
4071,0.00858655089246266,1,0,Q3
4072,0.00858655089246266,1,0,Q3
4074,0.00858655089246266,1,0,Q3
4076,0.00858655089246266,1,0,Q3
4077,0.00858655089246266,1,0,Q3
4078,0.00858655089246266,1,0,Q3
4079,0.00858655089246266,3,0,Q3
4084,0.00858655089246266,1,0,Q3
4089,0.00862909050748559,0,2,Q3
4091,0.00862909050748559,1,0,Q3
4094,0.00862909050748559,3,0,Q3
4096,0.00862909050748559,1,0,Q3
4098,0.00862909050748559,1,0,Q3
4101,0.00862909050748559,1,0,Q3
4102,0.00862909050748559,1,0,Q3
4106,0.00862909050748559,1,0,Q3
4107,0.00862909050748559,1,0,Q3
4108,0.00862909050748559,1,0,Q3
4114,0.00862909050748559,1,0,Q3
4117,0.00862909050748559,2,0,Q3
4118,0.0086503673295803,0,1,Q3
4120,0.00867164460438768,0,1,Q3
4121,0.00867164460438768,1,0,Q3
4126,0.00867164460438768,1,0,Q3
4127,0.00867164460438768,1,0,Q3
4129,0.00867164460438768,3,0,Q3
4133,0.00867164460438768,1,0,Q3
4134,0.00867164460438768,1,0,Q3
4135,0.00869292595447732,1,1,Q3
4139,0.00869292595447732,1,0,Q3
4143,0.00871420866334131,0,1,Q3
4145,0.00871420866334131,1,0,Q3
4147,0.00871420866334131,1,0,Q3
4150,0.00871420866334131,1,0,Q3
4153,0.00871420866334131,1,0,Q3
4154,0.00871420866334131,1,0,Q3
4157,0.00873549409027448,1,1,Q3
4160,0.00873549409027448,1,0,Q3
4161,0.00873549409027448,1,0,Q3
4162,0.00873549409027448,1,0,Q3
4163,0.00873549409027448,1,0,Q3
4172,0.00873549409027448,1,0,Q3
4173,0.00873549409027448,2,0,Q3
4175,0.00873549409027448,2,0,Q3
4176,0.00873549409027448,1,0,Q3
4177,0.00873549409027448,1,0,Q3
4178,0.00873549409027448,2,0,Q3
4180,0.00877807899393252,0,2,Q3
4183,0.00877807899393252,1,0,Q3
4184,0.00877807899393252,1,0,Q3
4186,0.00877807899393252,1,0,Q3
4188,0.00877807899393252,1,0,Q3
4189,0.00877807899393252,1,0,Q3
4192,0.00877807899393252,1,0,Q3
4194,0.00877807899393252,1,0,Q3
4195,0.00877807899393252,1,0,Q3
4196,0.00877807899393252,1,0,Q3
4197,0.00877807899393252,1,0,Q3
4200,0.00877807899393252,1,0,Q3
4202,0.00877807899393252,1,0,Q3
4203,0.00877807899393252,1,0,Q3
4204,0.00877807899393252,1,0,Q3
4205,0.00877807899393252,1,0,Q3
4207,0.00877807899393252,1,0,Q3
4209,0.00879937938266534,1,1,Q3
4211,0.00882068067884994,0,1,Q3
4212,0.00882068067884994,2,0,Q3
4217,0.00882068067884994,2,0,Q3
4220,0.00882068067884994,1,0,Q3
4221,0.00884198469785394,0,1,Q3
4222,0.00884198469785394,1,0,Q3
4224,0.00884198469785394,4,0,Q3
4226,0.00884198469785394,1,0,Q3
4227,0.00884198469785394,1,0,Q3
4229,0.00884198469785394,1,0,Q3
4230,0.00884198469785394,1,0,Q3
4235,0.00884198469785394,1,0,Q3
4236,0.00884198469785394,1,0,Q3
4239,0.00884198469785394,1,0,Q3
4240,0.00884198469785394,1,0,Q3
4243,0.00884198469785394,1,0,Q3
4247,0.00884198469785394,1,0,Q3
4249,0.00884198469785394,1,0,Q3
4254,0.00884198469785394,1,0,Q3
4256,0.00886329688949399,0,1,Q3
4257,0.00886329688949399,3,0,Q3
4263,0.00886329688949399,1,0,Q3
4264,0.00886329688949399,2,0,Q3
4265,0.00886329688949399,1,0,Q3
4268,0.00886329688949399,2,0,Q3
4269,0.00886329688949399,1,0,Q3
4271,0.00888461407861022,0,1,Q3
4273,0.00888461407861022,1,0,Q3
4278,0.00888461407861022,1,0,Q3
4280,0.00888461407861022,1,0,Q3
4281,0.00888461407861022,2,0,Q3
4283,0.00888461407861022,1,0,Q3
4287,0.00888461407861022,1,0,Q3
4290,0.00888461407861022,3,0,Q3
4292,0.00888461407861022,1,0,Q3
4294,0.00888461407861022,2,0,Q3
4295,0.00888461407861022,2,0,Q3
4298,0.00888461407861022,1,0,Q3
4306,0.00888461407861022,2,0,Q3
4307,0.00888461407861022,1,0,Q3
4308,0.00888461407861022,1,0,Q3
4311,0.00888461407861022,1,0,Q3
4312,0.00888461407861022,1,0,Q3
4313,0.00890594172457211,0,1,Q3
4316,0.00890594172457211,1,0,Q3
4317,0.00890594172457211,2,0,Q3
4320,0.00892727119016315,3,1,Q3
4322,0.00894860247569394,1,1,Q3
4324,0.0089912673220004,2,2,Q3
4328,0.0089912673220004,1,0,Q3
4329,0.0089912673220004,1,0,Q3
4330,0.0089912673220004,3,0,Q3
4334,0.0089912673220004,4,0,Q3
4336,0.0089912673220004,1,0,Q3
4340,0.0089912673220004,1,0,Q3
4342,0.0089912673220004,2,0,Q3
4343,0.0089912673220004,1,0,Q3
4344,0.0089912673220004,2,0,Q3
4346,0.0089912673220004,1,0,Q3
4347,0.0089912673220004,1,0,Q3
4349,0.0089912673220004,1,0,Q3
4351,0.0089912673220004,1,0,Q3
4352,0.0089912673220004,2,0,Q3
4353,0.0089912673220004,1,0,Q3
4354,0.0089912673220004,1,0,Q3
4355,0.0089912673220004,2,0,Q3
4357,0.0089912673220004,1,0,Q3
4360,0.0089912673220004,2,0,Q3
4361,0.0089912673220004,1,0,Q3
4362,0.0089912673220004,2,0,Q3
4364,0.0089912673220004,1,0,Q3
4365,0.0089912673220004,1,0,Q3
4366,0.0089912673220004,2,0,Q3
4368,0.0089912673220004,1,0,Q3
4369,0.0089912673220004,1,0,Q3
4372,0.0089912673220004,2,0,Q3
4374,0.0089912673220004,1,0,Q3
4376,0.0089912673220004,1,0,Q3
4377,0.0089912673220004,1,0,Q3
4378,0.00901262092702357,0,1,Q3
4379,0.00901262092702357,1,0,Q3
4380,0.00901262092702357,1,0,Q3
4381,0.00903397590006366,1,1,Q3
4382,0.00903397590006366,1,0,Q3
4383,0.00903397590006366,1,0,Q3
4384,0.00903397590006366,1,0,Q3
4388,0.00903397590006366,1,0,Q3
4389,0.00903397590006366,1,0,Q3
4391,0.00903397590006366,1,0,Q3
4394,0.00903397590006366,1,0,Q3
4396,0.00903397590006366,1,0,Q3
4397,0.00903397590006366,2,0,Q3
4400,0.00903397590006366,1,0,Q3
4403,0.00903397590006366,2,0,Q3
4405,0.00903397590006366,1,0,Q3
4406,0.00905533817215575,1,1,Q3
4407,0.00905533817215575,1,0,Q3
4410,0.00905533817215575,1,0,Q3
4411,0.00905533817215575,2,0,Q3
4412,0.00905533817215575,1,0,Q3
4415,0.00905533817215575,4,0,Q3
4416,0.00905533817215575,3,0,Q3
4417,0.0090767068350125,0,1,Q3
4418,0.0090767068350125,1,0,Q3
4419,0.0090767068350125,2,0,Q3
4420,0.0090767068350125,1,0,Q3
4421,0.0090767068350125,1,0,Q3
4424,0.0090767068350125,1,0,Q3
4426,0.0090767068350125,1,0,Q3
4427,0.0090767068350125,1,0,Q3
4430,0.0090767068350125,2,0,Q3
4433,0.0090767068350125,2,0,Q3
4434,0.00909808143557549,4,1,Q3
4436,0.00909808143557549,1,0,Q3
4437,0.00909808143557549,1,0,Q3
4438,0.00909808143557549,1,0,Q3
4439,0.00909808143557549,1,0,Q3
4440,0.00909808143557549,1,0,Q3
4441,0.00909808143557549,1,0,Q3
4444,0.00909808143557549,1,0,Q3
4445,0.00909808143557549,1,0,Q3
4446,0.00909808143557549,1,0,Q3
4447,0.00909808143557549,1,0,Q3
4448,0.00909808143557549,1,0,Q3
4455,0.00909808143557549,2,0,Q3
4456,0.00909808143557549,2,0,Q3
4460,0.00909808143557549,1,0,Q3
4461,0.00909808143557549,1,0,Q3
4462,0.00909808143557549,1,0,Q3
4466,0.00909808143557549,1,0,Q3
4469,0.00909808143557549,1,0,Q3
4471,0.00911946746408389,0,1,Q3
4474,0.00911946746408389,1,0,Q3
4476,0.00911946746408389,1,0,Q3
4477,0.00911946746408389,3,0,Q3
4478,0.00914085623711779,1,1,Q3
4479,0.00914085623711779,1,0,Q3
4480,0.00914085623711779,3,0,Q3
4481,0.00914085623711779,2,0,Q3
4482,0.00914085623711779,1,0,Q3
4488,0.00914085623711779,1,0,Q3
4490,0.00914085623711779,1,0,Q3
4492,0.00914085623711779,1,0,Q3
4497,0.00914085623711779,2,0,Q3
4499,0.00914085623711779,2,0,Q3
4500,0.00914085623711779,1,0,Q3
4502,0.00914085623711779,1,0,Q3
4504,0.00914085623711779,1,0,Q3
4505,0.00914085623711779,2,0,Q3
4508,0.00914085623711779,2,0,Q3
4509,0.00914085623711779,1,0,Q3
4510,0.00914085623711779,3,0,Q3
4512,0.00914085623711779,2,0,Q3
4513,0.00914085623711779,1,0,Q3
4514,0.00914085623711779,1,0,Q3
4517,0.00914085623711779,1,0,Q3
4518,0.00914085623711779,1,0,Q3
4520,0.00914085623711779,1,0,Q3
4524,0.00914085623711779,1,0,Q3
4525,0.00914085623711779,2,0,Q3
4526,0.00916226195030351,2,1,Q3
4527,0.00918366903819104,1,1,Q3
4528,0.00918366903819104,1,0,Q3
4533,0.00918366903819104,2,0,Q3
4537,0.009205078417641,1,1,Q3
4538,0.009205078417641,1,0,Q3
4540,0.009205078417641,1,0,Q3
4541,0.009205078417641,1,0,Q3
4542,0.009205078417641,1,0,Q3
4544,0.009205078417641,1,0,Q3
4545,0.009205078417641,1,0,Q3
4547,0.009205078417641,2,0,Q3
4549,0.009205078417641,1,0,Q3
4550,0.009205078417641,2,0,Q3
4553,0.009205078417641,1,0,Q3
4554,0.009205078417641,1,0,Q3
4555,0.009205078417641,2,0,Q3
4556,0.009205078417641,3,0,Q3
4557,0.009205078417641,1,0,Q3
4558,0.009205078417641,1,0,Q3
4559,0.009205078417641,1,0,Q3
4560,0.00922649834459985,1,1,Q3
4563,0.00922649834459985,1,0,Q3
4564,0.00922649834459985,1,0,Q3
4567,0.00922649834459985,1,0,Q3
4568,0.00922649834459985,1,0,Q3
4574,0.00922649834459985,3,0,Q3
4577,0.00922649834459985,1,0,Q3
4578,0.00922649834459985,1,0,Q3
4579,0.00922649834459985,1,0,Q3
4582,0.00924792377873348,2,1,Q3
4584,0.00924792377873348,2,0,Q3
4589,0.00924792377873348,1,0,Q3
4591,0.0092693519675166,1,1,Q3
4592,0.0092693519675166,1,0,Q3
4593,0.0092693519675166,2,0,Q3
4594,0.0092693519675166,2,0,Q3
4595,0.0092693519675166,1,0,Q3
4596,0.0092693519675166,1,0,Q3
4598,0.0092693519675166,1,0,Q3
4599,0.0092693519675166,1,0,Q3
4603,0.0092693519675166,1,0,Q3
4604,0.0092693519675166,1,0,Q3
4607,0.0092693519675166,2,0,Q3
4608,0.0092693519675166,2,0,Q3
4609,0.0092693519675166,1,0,Q3
4611,0.0092693519675166,2,0,Q3
4612,0.0092693519675166,1,0,Q3
4614,0.0092693519675166,1,0,Q3
4618,0.0092693519675166,3,0,Q3
4623,0.0092693519675166,1,0,Q3
4626,0.0092693519675166,2,0,Q3
4628,0.0092693519675166,1,0,Q3
4629,0.0092693519675166,1,0,Q3
4630,0.0092693519675166,1,0,Q3
4631,0.0092693519675166,3,0,Q3
4634,0.00929079577936944,0,1,Q3
4636,0.00929079577936944,1,0,Q3
4638,0.00929079577936944,2,0,Q3
4640,0.00929079577936944,3,0,Q3
4641,0.00929079577936944,1,0,Q3
4646,0.00931224327054996,1,1,Q3
4647,0.00931224327054996,2,0,Q3
4648,0.00931224327054996,1,0,Q3
4649,0.00931224327054996,1,0,Q3
4651,0.00931224327054996,1,0,Q3
4654,0.00931224327054996,1,0,Q3
4655,0.00931224327054996,2,0,Q3
4656,0.00931224327054996,1,0,Q3
4657,0.00931224327054996,3,0,Q3
4660,0.00931224327054996,2,0,Q3
4661,0.00931224327054996,1,0,Q3
4664,0.00931224327054996,1,0,Q3
4665,0.00931224327054996,1,0,Q3
4666,0.00933369950519608,0,1,Q3
4669,0.00935515620022219,1,1,Q3
4671,0.00937661381606731,1,1,Q3
4672,0.00937661381606731,3,0,Q3
4674,0.00937661381606731,3,0,Q3
4675,0.00939807511597915,2,1,Q3
4676,0.00939807511597915,1,0,Q3
4678,0.00939807511597915,1,0,Q3
4679,0.00939807511597915,3,0,Q3
4680,0.00939807511597915,1,0,Q3
4682,0.00939807511597915,1,0,Q3
4683,0.00939807511597915,2,0,Q3
4684,0.00939807511597915,1,0,Q3
4686,0.00939807511597915,4,0,Q3
4692,0.00939807511597915,1,0,Q3
4694,0.00939807511597915,1,0,Q3
4695,0.00939807511597915,1,0,Q3
4696,0.00941954563159434,1,1,Q3
4697,0.00941954563159434,1,0,Q3
4698,0.00941954563159434,1,0,Q3
4701,0.00941954563159434,1,0,Q3
4702,0.00941954563159434,1,0,Q3
4704,0.00941954563159434,1,0,Q3
4705,0.00941954563159434,1,0,Q3
4707,0.00941954563159434,1,0,Q3
4708,0.00941954563159434,1,0,Q3
4709,0.00941954563159434,1,0,Q3
4710,0.00941954563159434,3,0,Q3
4712,0.00941954563159434,1,0,Q3
4720,0.00941954563159434,1,0,Q3
4722,0.00941954563159434,3,0,Q3
4723,0.00941954563159434,1,0,Q3
4728,0.00941954563159434,1,0,Q3
4729,0.00941954563159434,1,0,Q3
4731,0.00941954563159434,1,0,Q3
4733,0.00941954563159434,1,0,Q3
4734,0.00941954563159434,1,0,Q3
4735,0.00941954563159434,1,0,Q3
4739,0.00941954563159434,4,0,Q3
4740,0.00941954563159434,2,0,Q3
4742,0.00941954563159434,1,0,Q3
4745,0.00941954563159434,1,0,Q3
4746,0.00941954563159434,3,0,Q3
4747,0.00941954563159434,1,0,Q3
4748,0.00941954563159434,1,0,Q3
4750,0.00941954563159434,2,0,Q3
4752,0.00941954563159434,1,0,Q3
4754,0.00944103552597229,0,1,Q3
4758,0.00944103552597229,2,0,Q3
4760,0.00944103552597229,1,0,Q3
4763,0.00944103552597229,2,0,Q3
4765,0.00944103552597229,1,0,Q3
4768,0.00944103552597229,1,0,Q3
4769,0.00944103552597229,1,0,Q3
4771,0.00946252957749441,1,1,Q3
4773,0.00948402455304464,0,1,Q3
4774,0.00948402455304464,1,0,Q3
4776,0.00948402455304464,1,0,Q3
4778,0.00948402455304464,2,0,Q3
4780,0.00948402455304464,1,0,Q3
4781,0.00948402455304464,2,0,Q3
4782,0.00948402455304464,1,0,Q3
4784,0.00948402455304464,1,0,Q3
4785,0.00948402455304464,3,0,Q3
4787,0.00948402455304464,1,0,Q3
4789,0.00948402455304464,1,0,Q3
4790,0.00948402455304464,2,0,Q3
4791,0.00948402455304464,6,0,Q3
4792,0.00948402455304464,6,0,Q3
4794,0.00948402455304464,1,0,Q3
4795,0.00948402455304464,15,0,Q3
4796,0.00948402455304464,7,0,Q3
4797,0.00948402455304464,14,0,Q3
4798,0.00948402455304464,42,0,Q3
4799,0.00948402455304464,23,0,Q3
4800,0.00948402455304464,1,0,Q3
4801,0.00948402455304464,5,0,Q3
4802,0.00948402455304464,68,0,Q3
4803,0.00948402455304464,31,0,Q3
4804,0.00948402455304464,43,0,Q3
4805,0.00948402455304464,63,0,Q3
4806,0.00948402455304464,54,0,Q3
4808,0.00948402455304464,29,0,Q3
4809,0.00948402455304464,44,0,Q3
4810,0.00948402455304464,49,0,Q3
4811,0.00948402455304464,59,0,Q3
4812,0.00950578947017553,40,1,Q3
4813,0.00950578947017553,64,0,Q3
4815,0.00950578947017553,32,0,Q3
4816,0.00950578947017553,47,0,Q3
4817,0.00950578947017553,34,0,Q3
4818,0.00950578947017553,60,0,Q3
4819,0.00950578947017553,46,0,Q3
4820,0.00950578947017553,57,0,Q3
4821,0.00950578947017553,2,0,Q3
4822,0.00950578947017553,53,0,Q3
4823,0.00950578947017553,61,0,Q3
4824,0.00950578947017553,52,0,Q3
4825,0.00950578947017553,46,0,Q3
4826,0.00950578947017553,69,0,Q3
4827,0.00950578947017553,46,0,Q3
4828,0.00950578947017553,1,0,Q3
4829,0.00950578947017553,55,0,Q3
4830,0.00950578947017553,64,0,Q3
4831,0.00950578947017553,100,0,Q3
4832,0.00950578947017553,67,0,Q3
4833,0.00950578947017553,75,0,Q3
4834,0.00950578947017553,60,0,Q3
4835,0.00950578947017553,1,0,Q3
4836,0.00950578947017553,55,0,Q3
4837,0.00950578947017553,57,0,Q3
4838,0.00950578947017553,59,0,Q3
4839,0.00950578947017553,97,0,Q3
4840,0.00950578947017553,45,0,Q3
4843,0.00950578947017553,63,0,Q3
4844,0.00950578947017553,72,0,Q3
4845,0.00950578947017553,78,0,Q3
4846,0.00950578947017553,63,0,Q3
4847,0.00950578947017553,69,0,Q3
4848,0.00952843721842416,65,1,Q3
4850,0.00952843721842416,36,0,Q3
4851,0.00952843721842416,54,0,Q3
4852,0.00952843721842416,55,0,Q3
4853,0.0095511937125596,55,1,Q3
4854,0.0095511937125596,74,0,Q3
4855,0.0095511937125596,72,0,Q3
4857,0.0095511937125596,22,0,Q3
4858,0.0095511937125596,48,0,Q3
4859,0.0095511937125596,60,0,Q3
4860,0.0095511937125596,63,0,Q3
4861,0.0095511937125596,69,0,Q3
4862,0.0095511937125596,66,0,Q3
4863,0.0095511937125596,1,0,Q3
4864,0.0095511937125596,55,0,Q3
4865,0.0095511937125596,62,0,Q3
4866,0.0095511937125596,37,0,Q3
4867,0.0095511937125596,61,0,Q3
4868,0.0095511937125596,65,0,Q3
4870,0.0095511937125596,1,0,Q3
4871,0.0095511937125596,40,0,Q3
4872,0.0095511937125596,57,0,Q3
4873,0.0095511937125596,48,0,Q3
4874,0.0095511937125596,72,0,Q3
4875,0.0095511937125596,48,0,Q3
4876,0.0095511937125596,37,0,Q3
4878,0.0095511937125596,28,0,Q3
4879,0.0095511937125596,35,0,Q3
4880,0.0095511937125596,40,0,Q3
4881,0.00957459839115585,20,1,Q3
4882,0.00957459839115585,28,0,Q3
4883,0.00957459839115585,22,0,Q3
4885,0.00957459839115585,24,0,Q3
4886,0.00957459839115585,37,0,Q3
4887,0.00957459839115585,27,0,Q3
4888,0.00957459839115585,27,0,Q3
4889,0.00957459839115585,24,0,Q3
4890,0.00957459839115585,39,0,Q3
4892,0.00957459839115585,13,0,Q3
4893,0.00957459839115585,25,0,Q3
4894,0.00957459839115585,45,0,Q3
4895,0.00957459839115585,30,0,Q3
4896,0.00957459839115585,22,0,Q3
4899,0.00957459839115585,1,0,Q3
4900,0.00957459839115585,2,0,Q3
4901,0.00957459839115585,48,0,Q3
4902,0.00957459839115585,57,0,Q3
4903,0.00957459839115585,63,0,Q3
4904,0.00957459839115585,64,0,Q3
4906,0.00957459839115585,45,0,Q3
4907,0.00957459839115585,80,0,Q3
4908,0.00957459839115585,48,0,Q3
4909,0.00957459839115585,52,0,Q3
4910,0.00957459839115585,52,0,Q3
4911,0.00957459839115585,78,0,Q3
4913,0.00957459839115585,32,0,Q3
4914,0.00957459839115585,60,0,Q3
4915,0.00957459839115585,56,0,Q3
4916,0.00957459839115585,64,0,Q3
4917,0.00957459839115585,58,0,Q3
4918,0.00957459839115585,70,0,Q3
4919,0.00957459839115585,1,0,Q3
4920,0.00957459839115585,46,0,Q3
4921,0.00957459839115585,51,0,Q3
4922,0.00957459839115585,40,0,Q3
4923,0.00957459839115585,91,0,Q3
4924,0.00957459839115585,63,0,Q3
4925,0.00957459839115585,60,0,Q3
4926,0.00957459839115585,4,0,Q3
4927,0.00957459839115585,56,0,Q3
4928,0.00957459839115585,76,0,Q3
4929,0.00957459839115585,68,0,Q3
4930,0.00957459839115585,54,0,Q3
4931,0.00957459839115585,42,0,Q3
4932,0.00957459839115585,55,0,Q3
4933,0.00957459839115585,1,0,Q3
4934,0.00957459839115585,29,0,Q3
4935,0.00957459839115585,39,0,Q3
4936,0.00957459839115585,43,0,Q3
4937,0.00957459839115585,23,0,Q3
4938,0.00957459839115585,42,0,Q3
4939,0.00957459839115585,35,0,Q3
4941,0.00957459839115585,9,0,Q3
4942,0.00957459839115585,30,0,Q3
4943,0.00957459839115585,73,0,Q3
4944,0.00957459839115585,58,0,Q3
4945,0.00957459839115585,50,0,Q3
4946,0.00959942861450503,49,1,Q3
4947,0.00959942861450503,1,0,Q3
4948,0.00959942861450503,34,0,Q3
4949,0.00959942861450503,31,0,Q3
4950,0.00959942861450503,40,0,Q3
4951,0.00959942861450503,56,0,Q3
4952,0.00959942861450503,53,0,Q3
4953,0.00959942861450503,41,0,Q3
4954,0.00959942861450503,1,0,Q3
4955,0.00959942861450503,47,0,Q3
4956,0.00959942861450503,53,0,Q3
4957,0.00959942861450503,46,0,Q3
4958,0.00959942861450503,64,0,Q3
4959,0.00959942861450503,59,0,Q3
4960,0.00959942861450503,34,0,Q3
4962,0.00959942861450503,36,0,Q3
4963,0.00959942861450503,40,0,Q3
4964,0.00959942861450503,31,0,Q3
4965,0.00959942861450503,23,0,Q3
4966,0.00959942861450503,45,0,Q3
4967,0.00959942861450503,44,0,Q3
4968,0.00959942861450503,1,0,Q3
4969,0.00959942861450503,36,0,Q3
4970,0.00959942861450503,42,0,Q3
4971,0.00959942861450503,54,0,Q3
4972,0.00959942861450503,48,0,Q3
4973,0.00959942861450503,45,0,Q3
4974,0.00959942861450503,18,0,Q3
4976,0.00959942861450503,15,0,Q3
4977,0.00959942861450503,39,0,Q3
4978,0.00959942861450503,22,0,Q3
4979,0.00959942861450503,10,0,Q3
4980,0.00959942861450503,18,0,Q3
4981,0.00959942861450503,36,0,Q3
4983,0.00959942861450503,24,0,Q3
4984,0.00959942861450503,18,0,Q3
4985,0.00959942861450503,28,0,Q3
4986,0.00959942861450503,21,0,Q3
4987,0.00959942861450503,15,0,Q3
4988,0.00959942861450503,31,0,Q3
4990,0.00959942861450503,1,0,Q3
4991,0.00959942861450503,1,0,Q3
4996,0.00959942861450503,1,0,Q3
4999,0.00959942861450503,1,0,Q3
5001,0.00959942861450503,3,0,Q3
5004,0.00959942861450503,37,0,Q3
5005,0.00959942861450503,34,0,Q3
5006,0.00959942861450503,42,0,Q3
5007,0.00959942861450503,26,0,Q3
5008,0.00959942861450503,49,0,Q3
5009,0.00959942861450503,21,0,Q3
5011,0.00959942861450503,60,0,Q3
5012,0.00959942861450503,46,0,Q3
5013,0.00959942861450503,50,0,Q3
5014,0.00959942861450503,52,0,Q3
5015,0.00959942861450503,69,0,Q3
5016,0.00962544961345268,54,1,Q3
5017,0.00962544961345268,1,0,Q3
5018,0.00962544961345268,31,0,Q3
5019,0.00962544961345268,25,0,Q3
5020,0.00962544961345268,32,0,Q3
5021,0.00962544961345268,36,0,Q3
5022,0.00962544961345268,39,0,Q3
5023,0.00962544961345268,22,0,Q3
5025,0.00962544961345268,37,0,Q3
5026,0.00962544961345268,66,0,Q3
5027,0.00962544961345268,47,0,Q3
5028,0.00962544961345268,43,0,Q3
5029,0.00962544961345268,75,0,Q3
5030,0.00962544961345268,57,0,Q3
5031,0.00962544961345268,4,0,Q3
5032,0.00962544961345268,49,0,Q3
5033,0.00962544961345268,55,0,Q3
5034,0.00962544961345268,57,0,Q3
5035,0.00962544961345268,50,0,Q3
5036,0.00962544961345268,64,0,Q3
5037,0.00962544961345268,56,0,Q3
5038,0.00962544961345268,2,0,Q3
5039,0.00962544961345268,66,0,Q3
5040,0.00962544961345268,59,0,Q3
5041,0.00962544961345268,55,0,Q3
5042,0.00962544961345268,67,0,Q3
5043,0.00962544961345268,68,0,Q3
5044,0.00962544961345268,81,0,Q3
5046,0.00962544961345268,33,0,Q3
5047,0.00962544961345268,60,0,Q3
5048,0.00962544961345268,46,0,Q3
5049,0.00962544961345268,43,0,Q3
5050,0.00962544961345268,48,0,Q3
5051,0.00962544961345268,53,0,Q3
5053,0.00962544961345268,40,0,Q3
5054,0.00962544961345268,47,0,Q3
5055,0.00962544961345268,49,0,Q3
5056,0.00962544961345268,48,0,Q3
5057,0.00962544961345268,74,0,Q3
5058,0.00962544961345268,43,0,Q3
5060,0.00962544961345268,49,0,Q3
5061,0.00962544961345268,57,0,Q3
5062,0.00962544961345268,59,0,Q3
5063,0.00962544961345268,75,0,Q3
5064,0.00962544961345268,45,0,Q3
5065,0.00962544961345268,55,0,Q3
5066,0.00962544961345268,2,0,Q3
5067,0.00962544961345268,50,0,Q3
5068,0.00962544961345268,56,0,Q3
5069,0.00962544961345268,46,0,Q3
5070,0.00962544961345268,39,0,Q3
5071,0.00962544961345268,39,0,Q3
5072,0.00962544961345268,59,0,Q3
5074,0.00962544961345268,50,0,Q3
5075,0.00962544961345268,51,0,Q3
5076,0.00962544961345268,60,0,Q3
5077,0.00962544961345268,55,0,Q3
5078,0.00962544961345268,46,0,Q3
5079,0.00962544961345268,58,0,Q3
5080,0.00962544961345268,1,0,Q3
5081,0.00962544961345268,37,0,Q3
5082,0.00962544961345268,48,0,Q3
5083,0.00962544961345268,71,0,Q3
5084,0.00962544961345268,42,0,Q3
5085,0.00962544961345268,56,0,Q3
5086,0.00962544961345268,69,0,Q3
5088,0.00962544961345268,26,0,Q3
5089,0.00962544961345268,34,0,Q3
5090,0.00962544961345268,42,0,Q3
5091,0.00962544961345268,24,0,Q3
5092,0.00962544961345268,22,0,Q3
5093,0.00962544961345268,33,0,Q3
5095,0.00962544961345268,22,0,Q3
5096,0.00962544961345268,40,0,Q3
5097,0.00962544961345268,40,0,Q3
5098,0.00962544961345268,55,0,Q3
5099,0.00962544961345268,47,0,Q3
5100,0.00962544961345268,25,0,Q3
5102,0.00962544961345268,35,0,Q3
5103,0.00962544961345268,43,0,Q3
5104,0.00962544961345268,35,0,Q3
5105,0.00962544961345268,47,0,Q3
5106,0.00965426598115155,52,1,Q3
5107,0.00965426598115155,31,0,Q3
5109,0.00965426598115155,25,0,Q3
5110,0.00965426598115155,48,0,Q3
5111,0.00965426598115155,36,0,Q3
5112,0.00965426598115155,47,0,Q3
5113,0.00965426598115155,39,0,Q3
5114,0.00965426598115155,1,0,Q3
5115,0.00965426598115155,2,0,Q3
5116,0.00965426598115155,29,0,Q3
5117,0.00965426598115155,29,0,Q3
5118,0.00965426598115155,47,0,Q3
5119,0.00965426598115155,42,0,Q3
5120,0.00965426598115155,60,0,Q3
5121,0.00965426598115155,39,0,Q3
5122,0.00965426598115155,1,0,Q3
5123,0.00965426598115155,54,0,Q3
5124,0.00965426598115155,62,0,Q3
5125,0.00965426598115155,53,0,Q3
5126,0.00965426598115155,73,0,Q3
5127,0.00965426598115155,44,0,Q3
5128,0.00965426598115155,59,0,Q3
5129,0.00965426598115155,2,0,Q3
5130,0.00965426598115155,34,0,Q3
5131,0.00965426598115155,36,0,Q3
5132,0.00965426598115155,31,0,Q3
5133,0.00965426598115155,47,0,Q3
5134,0.00965426598115155,23,0,Q3
5135,0.00965426598115155,33,0,Q3
5137,0.00965426598115155,37,0,Q3
5138,0.00965426598115155,34,0,Q3
5139,0.00965426598115155,33,0,Q3
5140,0.00965426598115155,59,0,Q3
5141,0.00965426598115155,31,0,Q3
5142,0.00965426598115155,27,0,Q3
5143,0.00968420475635838,0,1,Q3
5144,0.00968420475635838,37,0,Q3
5145,0.00968420475635838,47,0,Q3
5146,0.00968420475635838,46,0,Q3
5147,0.00968420475635838,39,0,Q3
5148,0.00968420475635838,41,0,Q3
5149,0.00968420475635838,42,0,Q3
5151,0.00968420475635838,32,0,Q3
5152,0.00968420475635838,42,0,Q3
5153,0.00968420475635838,30,0,Q3
5154,0.00968420475635838,40,0,Q3
5155,0.00968420475635838,44,0,Q3
5156,0.00968420475635838,42,0,Q3
5157,0.00968420475635838,2,0,Q3
5158,0.00968420475635838,30,0,Q3
5159,0.00968420475635838,33,0,Q3
5160,0.00968420475635838,48,0,Q3
5161,0.00968420475635838,43,0,Q3
5162,0.00968420475635838,36,0,Q3
5163,0.00968420475635838,35,0,Q3
5164,0.00968420475635838,2,0,Q3
5165,0.00968420475635838,52,0,Q3
5166,0.00968420475635838,41,0,Q3
5167,0.00968420475635838,47,0,Q3
5168,0.00968420475635838,36,0,Q3
5169,0.00968420475635838,29,0,Q3
5170,0.00968420475635838,54,0,Q3
5172,0.00968420475635838,36,0,Q3
5173,0.00968420475635838,57,0,Q3
5174,0.00968420475635838,52,0,Q3
5175,0.00968420475635838,52,0,Q3
5176,0.00968420475635838,35,0,Q3
5177,0.00968420475635838,36,0,Q3
5179,0.00968420475635838,59,0,Q3
5180,0.00968420475635838,57,0,Q3
5181,0.00968420475635838,48,0,Q3
5182,0.00968420475635838,54,0,Q3
5183,0.00968420475635838,65,0,Q3
5184,0.00968420475635838,56,0,Q3
5185,0.00968420475635838,4,0,Q3
5186,0.00968420475635838,55,0,Q3
5187,0.00968420475635838,78,0,Q3
5188,0.00968420475635838,69,0,Q3
5189,0.00968420475635838,65,0,Q3
5190,0.00968420475635838,50,0,Q3
5191,0.00968420475635838,51,0,Q3
5192,0.00968420475635838,2,0,Q3
5193,0.00968420475635838,48,0,Q3
5194,0.00968420475635838,51,0,Q3
5195,0.00968420475635838,56,0,Q3
5196,0.00968420475635838,62,0,Q3
5197,0.00968420475635838,65,0,Q3
5198,0.00968420475635838,67,0,Q3
5199,0.00968420475635838,1,0,Q3
5200,0.00968420475635838,33,0,Q3
5201,0.00968420475635838,59,0,Q3
5202,0.00968420475635838,50,0,Q3
5203,0.00968420475635838,67,0,Q3
5204,0.00968420475635838,48,0,Q3
5205,0.00968420475635838,53,0,Q3
5207,0.00968420475635838,49,0,Q3
5208,0.00968420475635838,52,0,Q3
5209,0.00968420475635838,62,0,Q3
5210,0.00968420475635838,50,0,Q3
5211,0.00968420475635838,57,0,Q3
5212,0.00968420475635838,1,0,Q3
5213,0.00968420475635838,3,0,Q3
5214,0.00968420475635838,18,0,Q3
5215,0.00968420475635838,65,0,Q3
5216,0.00968420475635838,54,0,Q3
5217,0.00968420475635838,65,0,Q3
5218,0.00968420475635838,54,0,Q3
5219,0.00968420475635838,40,0,Q3
5221,0.00968420475635838,37,0,Q3
5222,0.00968420475635838,62,0,Q3
5223,0.00968420475635838,75,0,Q3
5224,0.00968420475635838,52,0,Q3
5225,0.00968420475635838,64,0,Q3
5226,0.00968420475635838,56,0,Q3
5228,0.00968420475635838,45,0,Q3
5229,0.00968420475635838,56,0,Q3
5230,0.00968420475635838,52,0,Q3
5231,0.00968420475635838,41,0,Q3
5232,0.00968420475635838,46,0,Q3
5235,0.00968420475635838,36,0,Q3
5236,0.00968420475635838,65,0,Q3
5237,0.00968420475635838,32,0,Q3
5238,0.00968420475635838,42,0,Q3
5239,0.00968420475635838,65,0,Q3
5240,0.00968420475635838,59,0,Q3
5242,0.00968420475635838,40,0,Q3
5243,0.00968420475635838,64,0,Q3
5244,0.00968420475635838,52,0,Q3
5245,0.00968420475635838,46,0,Q3
5246,0.00968420475635838,47,0,Q3
5247,0.00968420475635838,74,0,Q3
5249,0.00968420475635838,36,0,Q3
5250,0.00968420475635838,39,0,Q3
5251,0.00968420475635838,54,0,Q3
5252,0.00968420475635838,57,0,Q3
5253,0.00968420475635838,45,0,Q3
5254,0.00968420475635838,1,0,Q3
5256,0.00968420475635838,1,0,Q3
5258,0.00968420475635838,41,0,Q3
5259,0.00968420475635838,85,0,Q3
5260,0.00968420475635838,59,0,Q3
5261,0.00968420475635838,42,0,Q3
5262,0.00968420475635838,1,0,Q3
5263,0.00968420475635838,56,0,Q3
5264,0.00968420475635838,55,0,Q3
5265,0.00968420475635838,51,0,Q3
5266,0.00968420475635838,51,0,Q3
5267,0.00968420475635838,53,0,Q3
5268,0.00968420475635838,58,0,Q3
5269,0.00968420475635838,1,0,Q3
5270,0.00968420475635838,50,0,Q3
5271,0.00968420475635838,55,0,Q3
5272,0.00968420475635838,59,0,Q3
5273,0.00968420475635838,66,0,Q3
5274,0.00968420475635838,77,0,Q3
5275,0.00968420475635838,67,0,Q3
5276,0.00968420475635838,1,0,Q3
5277,0.00968420475635838,55,0,Q3
5278,0.00968420475635838,46,0,Q3
5279,0.00968420475635838,62,0,Q3
5280,0.00968420475635838,96,0,Q3
5281,0.00968420475635838,69,0,Q3
5282,0.00968420475635838,85,0,Q3
5284,0.00968420475635838,61,0,Q3
5285,0.00968420475635838,56,0,Q3
5286,0.00968420475635838,81,0,Q3
5287,0.00968420475635838,70,0,Q3
5288,0.00968420475635838,96,0,Q3
5289,0.00968420475635838,70,0,Q3
5291,0.00968420475635838,62,0,Q3
5292,0.00968420475635838,65,0,Q3
5293,0.00968420475635838,57,0,Q3
5294,0.00968420475635838,61,0,Q3
5295,0.00968420475635838,78,0,Q3
5296,0.00968420475635838,79,0,Q3
5297,0.00968420475635838,1,0,Q3
5298,0.00968420475635838,65,0,Q3
5299,0.00968420475635838,56,0,Q3
5300,0.00968420475635838,69,0,Q3
5301,0.00968420475635838,47,0,Q3
5302,0.00968420475635838,67,0,Q3
5303,0.00968420475635838,52,0,Q3
5305,0.00968420475635838,59,0,Q3
5306,0.00968420475635838,66,0,Q3
5307,0.00968420475635838,65,0,Q3
5308,0.00968420475635838,67,0,Q3
5309,0.00968420475635838,55,0,Q3
5310,0.00968420475635838,62,0,Q3
5312,0.00968420475635838,51,0,Q3
5313,0.00968420475635838,63,0,Q3
5314,0.00968420475635838,72,0,Q3
5315,0.00968420475635838,44,0,Q3
5316,0.00968420475635838,70,0,Q3
5317,0.00968420475635838,45,0,Q3
5319,0.00968420475635838,45,0,Q3
5320,0.00968420475635838,47,0,Q3
5321,0.00968420475635838,33,0,Q3
5322,0.00968420475635838,47,0,Q3
5323,0.00968420475635838,25,0,Q3
5324,0.00968420475635838,19,0,Q3
5326,0.00968420475635838,34,0,Q3
5327,0.00968420475635838,40,0,Q3
5328,0.00968420475635838,50,0,Q3
5329,0.00968420475635838,62,0,Q3
5330,0.00968420475635838,45,0,Q3
5331,0.00968420475635838,34,0,Q3
5333,0.00968420475635838,16,0,Q3
5334,0.00968420475635838,52,0,Q3
5335,0.00968420475635838,55,0,Q3
5336,0.00968420475635838,40,0,Q3
5337,0.00968420475635838,46,0,Q3
5338,0.00968420475635838,32,0,Q3
5340,0.00968420475635838,36,0,Q3
5341,0.00968420475635838,42,0,Q3
5342,0.00968420475635838,53,0,Q3
5343,0.00968420475635838,59,0,Q3
5344,0.00968420475635838,42,0,Q3
5345,0.00968420475635838,36,0,Q3
5347,0.00968420475635838,40,0,Q3
5348,0.00968420475635838,40,0,Q3
5349,0.00968420475635838,48,0,Q3
5350,0.00968420475635838,31,0,Q3
5351,0.00968420475635838,58,0,Q3
5352,0.00968420475635838,43,0,Q3
5356,0.00968420475635838,1,0,Q3
5357,0.00968420475635838,1,0,Q3
5358,0.00968420475635838,1,0,Q3
5368,0.00968420475635838,44,0,Q3
5369,0.00968420475635838,78,0,Q3
5370,0.00968420475635838,64,0,Q3
5371,0.00968420475635838,72,0,Q3
5372,0.00968420475635838,66,0,Q3
5373,0.00968420475635838,66,0,Q3
5375,0.00968420475635838,65,0,Q3
5376,0.00968420475635838,61,0,Q3
5377,0.00968420475635838,59,0,Q3
5378,0.00968420475635838,66,0,Q3
5379,0.00968420475635838,65,0,Q3
5380,0.00968420475635838,60,0,Q3
5381,0.00968420475635838,1,0,Q3
5382,0.00968420475635838,58,0,Q3
5383,0.00968420475635838,76,0,Q3
5384,0.00968420475635838,61,0,Q3
5385,0.00968420475635838,58,0,Q3
5386,0.00968420475635838,76,0,Q3
5387,0.00968420475635838,56,0,Q3
5388,0.00968420475635838,1,0,Q3
5389,0.00968420475635838,49,0,Q3
5390,0.00968420475635838,79,0,Q3
5391,0.00968420475635838,41,0,Q3
5392,0.00968420475635838,64,0,Q3
5393,0.00968420475635838,63,0,Q3
5394,0.00968420475635838,82,0,Q3
5396,0.00968420475635838,38,0,Q3
5397,0.00968420475635838,71,0,Q3
5398,0.00968420475635838,53,0,Q3
5399,0.00968420475635838,79,0,Q3
5400,0.00968420475635838,81,0,Q3
5401,0.00968420475635838,56,0,Q3
5403,0.00968420475635838,44,0,Q3
5404,0.00968420475635838,68,0,Q3
5405,0.00968420475635838,61,0,Q3
5406,0.00968420475635838,64,0,Q3
5407,0.00968420475635838,90,0,Q3
5408,0.00968420475635838,68,0,Q3
5410,0.00968420475635838,54,0,Q3
5411,0.00968420475635838,80,0,Q3
5412,0.00968420475635838,52,0,Q3
5413,0.00968420475635838,44,0,Q3
5414,0.00968420475635838,73,0,Q3
5415,0.00968420475635838,83,0,Q3
5417,0.00968420475635838,56,0,Q3
5418,0.00968420475635838,43,0,Q3
5419,0.00968420475635838,70,0,Q3
5420,0.00968420475635838,73,0,Q3
5421,0.00968420475635838,70,0,Q3
5422,0.00968420475635838,66,0,Q3
5424,0.00968420475635838,55,0,Q3
5425,0.00968420475635838,62,0,Q3
5426,0.00968420475635838,63,0,Q3
5427,0.00968420475635838,65,0,Q3
5428,0.00968420475635838,64,0,Q3
5429,0.00968420475635838,53,0,Q3
5431,0.00968420475635838,63,0,Q3
5432,0.00968420475635838,56,0,Q3
5433,0.00968420475635838,75,0,Q3
5434,0.00968420475635838,71,0,Q3
5435,0.00968420475635838,64,0,Q3
5436,0.00968420475635838,65,0,Q3
5438,0.00968420475635838,50,0,Q3
5439,0.00968420475635838,53,0,Q3
5440,0.00968420475635838,82,0,Q3
5441,0.00968420475635838,59,0,Q3
5442,0.00968420475635838,74,0,Q3
5443,0.00968420475635838,58,0,Q3
5445,0.00968420475635838,68,0,Q3
5446,0.00968420475635838,50,0,Q3
5447,0.00968420475635838,63,0,Q3
5448,0.00968420475635838,61,0,Q3
5449,0.00968420475635838,72,0,Q3
5450,0.00968420475635838,69,0,Q3
5452,0.00968420475635838,35,0,Q3
5453,0.00968420475635838,51,0,Q3
5454,0.00968420475635838,46,0,Q3
5455,0.00968420475635838,71,0,Q3
5456,0.00968420475635838,56,0,Q3
5457,0.00968420475635838,53,0,Q3
5459,0.00968420475635838,39,0,Q3
5460,0.00968420475635838,65,0,Q3
5461,0.00968420475635838,75,0,Q3
5462,0.00968420475635838,54,0,Q3
5463,0.00968420475635838,58,0,Q3
5464,0.00968420475635838,48,0,Q3
5466,0.00968420475635838,49,0,Q3
5467,0.00968420475635838,29,0,Q3
5468,0.00968420475635838,60,0,Q3
5469,0.00968420475635838,75,0,Q3
5470,0.00968420475635838,83,0,Q3
5471,0.00968420475635838,63,0,Q3
5473,0.00968420475635838,50,0,Q3
5474,0.00968420475635838,47,0,Q3
5475,0.00968420475635838,65,0,Q3
5476,0.00968420475635838,69,0,Q3
5477,0.00968420475635838,70,0,Q3
5478,0.00968420475635838,57,0,Q3
5480,0.00968420475635838,41,0,Q3
5481,0.00968420475635838,50,0,Q3
5482,0.00968420475635838,77,0,Q3
5483,0.00968420475635838,74,0,Q3
5484,0.00968420475635838,60,0,Q3
5486,0.00968420475635838,1,0,Q3
5487,0.00968420475635838,32,0,Q3
5488,0.00968420475635838,74,0,Q3
5489,0.00968420475635838,99,0,Q3
5490,0.00968420475635838,57,0,Q3
5491,0.00968420475635838,66,0,Q3
5492,0.00968420475635838,54,0,Q3
5494,0.00968420475635838,64,0,Q3
5495,0.00968420475635838,44,0,Q3
5496,0.00968420475635838,72,0,Q3
5497,0.00968420475635838,63,0,Q3
5498,0.00968420475635838,69,0,Q3
5499,0.00968420475635838,50,0,Q3
5501,0.00968420475635838,38,0,Q3
5502,0.00968420475635838,35,0,Q3
5503,0.00968420475635838,83,0,Q3
5504,0.00968420475635838,61,0,Q3
5505,0.00968420475635838,70,0,Q3
5506,0.00968420475635838,57,0,Q3
5508,0.00968420475635838,48,0,Q3
5509,0.00968420475635838,52,0,Q3
5510,0.00968420475635838,73,0,Q3
5511,0.00968420475635838,94,0,Q3
5512,0.00968420475635838,58,0,Q3
5513,0.00968420475635838,81,0,Q3
5515,0.00968420475635838,68,0,Q3
5516,0.00968420475635838,61,0,Q3
5517,0.00968420475635838,84,0,Q3
5518,0.00968420475635838,86,0,Q3
5519,0.00968420475635838,76,0,Q3
5520,0.00968420475635838,78,0,Q3
5522,0.00968420475635838,52,0,Q3
5523,0.00968420475635838,74,0,Q3
5524,0.00968420475635838,80,0,Q3
5525,0.00968420475635838,86,0,Q3
5526,0.00968420475635838,64,0,Q3
5527,0.00968420475635838,78,0,Q3
5529,0.00968420475635838,80,0,Q3
5530,0.00968420475635838,68,0,Q3
5531,0.00968420475635838,86,0,Q3
5532,0.00968420475635838,72,0,Q3
5533,0.00968420475635838,50,0,Q3
5534,0.00968420475635838,77,0,Q3
5536,0.00968420475635838,61,0,Q3
5537,0.00968420475635838,50,0,Q3
5538,0.00968420475635838,52,0,Q3
5539,0.00968420475635838,90,0,Q3
5540,0.00968420475635838,55,0,Q3
5541,0.00968420475635838,63,0,Q3
5543,0.00968420475635838,48,0,Q3
5544,0.00968420475635838,60,0,Q3
5545,0.00968420475635838,58,0,Q3
5546,0.00968420475635838,82,0,Q3
5547,0.00968420475635838,91,0,Q3
5548,0.00968420475635838,66,0,Q3
5550,0.00968420475635838,50,0,Q3
5551,0.00968420475635838,54,0,Q3
5552,0.00968420475635838,60,0,Q3
5553,0.00968420475635838,52,0,Q3
5554,0.00968420475635838,61,0,Q3
5555,0.00968420475635838,51,0,Q3
5557,0.00968420475635838,61,0,Q3
5558,0.00968420475635838,44,0,Q3
5559,0.00968420475635838,86,0,Q3
5560,0.00968420475635838,73,0,Q3
5561,0.00968420475635838,68,0,Q3
5562,0.00968420475635838,64,0,Q3
5564,0.00968420475635838,40,0,Q3
5565,0.00968420475635838,64,0,Q3
5566,0.00968420475635838,56,0,Q3
5567,0.00968420475635838,42,0,Q3
5568,0.00968420475635838,87,0,Q3
5569,0.00968420475635838,72,0,Q3
5571,0.00968420475635838,77,0,Q3
5572,0.00968420475635838,68,0,Q3
5573,0.00968420475635838,70,0,Q3
5574,0.00968420475635838,71,0,Q3
5575,0.00968420475635838,64,0,Q3
5578,0.00968420475635838,51,0,Q3
5579,0.00968420475635838,47,0,Q3
5580,0.00968420475635838,63,0,Q3
5581,0.00968420475635838,72,0,Q3
5582,0.00968420475635838,75,0,Q3
5583,0.00968420475635838,75,0,Q3
5585,0.00968420475635838,67,0,Q3
5586,0.00968420475635838,82,0,Q3
5587,0.00968420475635838,70,0,Q3
5588,0.00968420475635838,71,0,Q3
5589,0.00968420475635838,62,0,Q3
5590,0.00968420475635838,73,0,Q3
5592,0.00968420475635838,62,0,Q3
5593,0.00968420475635838,80,0,Q3
5594,0.00968420475635838,60,0,Q3
5595,0.00968420475635838,73,0,Q3
5596,0.00968420475635838,60,0,Q3
5599,0.00968420475635838,66,0,Q3
5600,0.00968420475635838,74,0,Q3
5601,0.00968420475635838,88,0,Q3
5602,0.00968420475635838,67,0,Q3
5603,0.00968420475635838,53,0,Q3
5604,0.00968420475635838,47,0,Q3
5606,0.00968420475635838,70,0,Q3
5607,0.00968420475635838,45,0,Q3
5608,0.00968420475635838,63,0,Q3
5609,0.00968420475635838,80,0,Q3
5610,0.00968420475635838,73,0,Q3
5611,0.00968420475635838,68,0,Q3
5613,0.00968420475635838,78,0,Q3
5614,0.00968420475635838,86,0,Q3
5615,0.00968420475635838,67,0,Q3
5616,0.00968420475635838,79,0,Q3
5617,0.00968420475635838,84,0,Q3
5618,0.00968420475635838,65,0,Q3
5620,0.00968420475635838,64,0,Q3
5621,0.00968420475635838,51,0,Q3
5622,0.00968420475635838,80,0,Q3
5623,0.00968420475635838,60,0,Q3
5624,0.00968420475635838,98,0,Q3
5625,0.00968420475635838,77,0,Q3
5627,0.00968420475635838,58,0,Q3
5628,0.00968420475635838,74,0,Q3
5629,0.00968420475635838,73,0,Q3
5630,0.00968420475635838,69,0,Q3
5631,0.00968420475635838,85,0,Q3
5632,0.00968420475635838,83,0,Q3
5634,0.00968420475635838,71,0,Q3
5635,0.00968420475635838,85,0,Q3
5636,0.00968420475635838,63,0,Q3
5637,0.00968420475635838,73,0,Q3
5638,0.00968420475635838,55,0,Q3
5642,0.00968420475635838,1,0,Q3
5643,0.00968420475635838,38,0,Q3
5644,0.00968420475635838,62,0,Q3
5645,0.00968420475635838,65,0,Q3
5646,0.00968420475635838,68,0,Q3
5648,0.00968420475635838,68,0,Q3
5649,0.00968420475635838,38,0,Q3
5650,0.00968420475635838,75,0,Q3
5651,0.00968420475635838,62,0,Q3
5652,0.00968420475635838,48,0,Q3
5653,0.00968420475635838,65,0,Q3
5655,0.00968420475635838,55,0,Q3
5656,0.00968420475635838,75,0,Q3
5657,0.00968420475635838,62,0,Q3
5658,0.00968420475635838,71,0,Q3
5659,0.00968420475635838,79,0,Q3
5660,0.00968420475635838,64,0,Q3
5662,0.00968420475635838,71,0,Q3
5663,0.00968420475635838,49,0,Q3
5664,0.00968420475635838,46,0,Q3
5665,0.00968420475635838,51,0,Q3
5666,0.00968420475635838,75,0,Q3
5667,0.00968420475635838,71,0,Q3
5669,0.00968420475635838,32,0,Q3
5670,0.00968420475635838,78,0,Q3
5671,0.00968420475635838,31,0,Q3
5672,0.00968420475635838,52,0,Q3
5673,0.00968420475635838,64,0,Q3
5674,0.00968420475635838,83,0,Q3
5676,0.00968420475635838,39,0,Q3
5677,0.00968420475635838,56,0,Q3
5678,0.00968420475635838,65,0,Q3
5679,0.00968420475635838,64,0,Q3
5680,0.00968420475635838,42,0,Q3
5681,0.00968420475635838,75,0,Q3
5683,0.00968420475635838,91,0,Q3
5684,0.00968420475635838,86,0,Q3
5685,0.00968420475635838,66,0,Q3
5686,0.00968420475635838,78,0,Q3
5687,0.00968420475635838,62,0,Q3
5688,0.00968420475635838,70,0,Q3
5690,0.00968420475635838,43,0,Q3
5691,0.00968420475635838,58,0,Q3
5692,0.00968420475635838,64,0,Q3
5693,0.00968420475635838,71,0,Q3
5694,0.00968420475635838,77,0,Q3
5695,0.00968420475635838,71,0,Q3
5697,0.00968420475635838,63,0,Q3
5698,0.00968420475635838,48,0,Q3
5699,0.00968420475635838,74,0,Q3
5700,0.00968420475635838,79,0,Q3
5701,0.00968420475635838,74,0,Q3
5702,0.00968420475635838,41,0,Q3
5704,0.00968420475635838,42,0,Q3
5705,0.00968420475635838,67,0,Q3
5706,0.00968420475635838,64,0,Q3
5707,0.00968420475635838,57,0,Q3
5708,0.00968420475635838,56,0,Q3
5709,0.00968420475635838,16,0,Q3
5711,0.00968420475635838,44,0,Q3
5712,0.00968420475635838,30,0,Q3
5713,0.00968420475635838,30,0,Q3
5714,0.00968420475635838,13,0,Q3
5715,0.00968420475635838,31,0,Q3
5716,0.00968420475635838,47,0,Q3
5732,0.00968420475635838,42,0,Q3
5733,0.00968420475635838,52,0,Q3
5734,0.00968420475635838,60,0,Q3
5735,0.00968420475635838,69,0,Q3
5736,0.00968420475635838,68,0,Q3
5737,0.00968420475635838,76,0,Q3
5739,0.00968420475635838,54,0,Q3
5740,0.00968420475635838,65,0,Q3
5741,0.00968420475635838,48,0,Q3
5742,0.00968420475635838,58,0,Q3
5743,0.00968420475635838,58,0,Q3
5744,0.00968420475635838,95,0,Q3
5746,0.00968420475635838,55,0,Q3
5747,0.00968420475635838,43,0,Q3
5748,0.00968420475635838,65,0,Q3
5749,0.00968420475635838,40,0,Q3
5750,0.00968420475635838,50,0,Q3
5751,0.00968420475635838,46,0,Q3
5753,0.00968420475635838,33,0,Q3
5754,0.00968420475635838,28,0,Q3
5755,0.00968420475635838,42,0,Q3
5756,0.00968420475635838,29,0,Q3
5757,0.00968420475635838,42,0,Q3
5758,0.00968420475635838,27,0,Q3
5760,0.00968420475635838,41,0,Q3
5761,0.00968420475635838,39,0,Q3
5762,0.00968420475635838,29,0,Q3
5763,0.00968420475635838,51,0,Q3
5764,0.00968420475635838,30,0,Q3
5765,0.00968420475635838,40,0,Q3
5767,0.00968420475635838,44,0,Q3
5768,0.00968420475635838,45,0,Q3
5769,0.00968420475635838,27,0,Q3
5770,0.00968420475635838,28,0,Q3
5771,0.00968420475635838,28,0,Q3
5772,0.00968420475635838,42,0,Q3
5774,0.00968420475635838,14,0,Q3
5775,0.00968420475635838,28,0,Q3
5776,0.00968420475635838,42,0,Q3
5777,0.00968420475635838,19,0,Q3
5778,0.00968420475635838,16,0,Q3
5779,0.00968420475635838,27,0,Q3
5781,0.00968420475635838,9,0,Q3
5782,0.00968420475635838,16,0,Q3
5783,0.00968420475635838,11,0,Q3
5784,0.00968420475635838,31,0,Q3
5785,0.00968420475635838,27,0,Q3
5786,0.00968420475635838,48,0,Q3
5788,0.00968420475635838,20,0,Q3
5789,0.00968420475635838,27,0,Q3
5790,0.00968420475635838,29,0,Q3
5791,0.00968420475635838,32,0,Q3
5792,0.00968420475635838,31,0,Q3
5793,0.00968420475635838,33,0,Q3
5795,0.00968420475635838,33,0,Q3
5796,0.00968420475635838,29,0,Q3
5797,0.00968420475635838,25,0,Q3
5798,0.00968420475635838,28,0,Q3
5799,0.00968420475635838,29,0,Q3
5800,0.00968420475635838,30,0,Q3
5802,0.00968420475635838,28,0,Q3
5803,0.00968420475635838,31,0,Q3
5804,0.00968420475635838,15,0,Q3
5805,0.00968420475635838,46,0,Q3
5806,0.00968420475635838,34,0,Q3
5807,0.00968420475635838,32,0,Q3
5809,0.00968420475635838,6,0,Q3
5810,0.00968420475635838,38,0,Q3
5811,0.00968420475635838,24,0,Q3
5812,0.00968420475635838,30,0,Q3
5813,0.00968420475635838,30,0,Q3
5814,0.00968420475635838,21,0,Q3
5816,0.00968420475635838,17,0,Q3
5817,0.00968420475635838,24,0,Q3
5818,0.00968420475635838,34,0,Q3
5819,0.00968420475635838,32,0,Q3
5820,0.00968420475635838,23,0,Q3
5821,0.00968420475635838,14,0,Q3
5823,0.00968420475635838,20,0,Q3
5824,0.00968420475635838,29,0,Q3
5825,0.00968420475635838,22,0,Q3
5826,0.00968420475635838,33,0,Q3
5827,0.00968420475635838,23,0,Q3
5828,0.00968420475635838,29,0,Q3
5830,0.00968420475635838,10,0,Q3
5831,0.00968420475635838,28,0,Q3
5832,0.00968420475635838,31,0,Q3
5833,0.00968420475635838,32,0,Q3
5834,0.00968420475635838,26,0,Q3
5835,0.00968420475635838,20,0,Q3
5837,0.00968420475635838,18,0,Q3
5838,0.00968420475635838,21,0,Q3
5839,0.00968420475635838,30,0,Q3
5840,0.00968420475635838,25,0,Q3
5841,0.00968420475635838,40,0,Q3
5842,0.00968420475635838,57,0,Q3
5844,0.00968420475635838,24,0,Q3
5845,0.00968420475635838,25,0,Q3
5846,0.00968420475635838,32,0,Q3
5847,0.00968420475635838,40,0,Q3
5848,0.00968420475635838,32,0,Q3
5851,0.00968420475635838,20,0,Q3
5852,0.00968420475635838,35,0,Q3
5853,0.00968420475635838,36,0,Q3
5854,0.00968420475635838,30,0,Q3
5855,0.00968420475635838,45,0,Q3
5856,0.00968420475635838,27,0,Q3
5858,0.00968420475635838,24,0,Q3
5859,0.00968420475635838,34,0,Q3
5860,0.00968420475635838,42,0,Q3
5861,0.00968420475635838,31,0,Q3
5862,0.00968420475635838,29,0,Q3
5863,0.00968420475635838,26,0,Q3
5865,0.00968420475635838,14,0,Q3
5866,0.00968420475635838,19,0,Q3
5867,0.00968420475635838,23,0,Q3
5868,0.00968420475635838,33,0,Q3
5869,0.00968420475635838,48,0,Q3
5870,0.00968420475635838,36,0,Q3
5871,0.00968420475635838,1,0,Q3
5872,0.00968420475635838,24,0,Q3
5873,0.00968420475635838,22,0,Q3
5874,0.00968420475635838,50,0,Q3
5875,0.00968420475635838,34,0,Q3
5876,0.00968420475635838,34,0,Q3
5877,0.00968420475635838,34,0,Q3
5879,0.00968420475635838,17,0,Q3
5880,0.00968420475635838,20,0,Q3
5881,0.00968420475635838,32,0,Q3
5882,0.00968420475635838,28,0,Q3
5883,0.00968420475635838,26,0,Q3
5884,0.00968420475635838,27,0,Q3
5886,0.00968420475635838,28,0,Q3
5887,0.00968420475635838,30,0,Q3
5888,0.00968420475635838,37,0,Q3
5889,0.00968420475635838,35,0,Q3
5890,0.00968420475635838,39,0,Q3
5891,0.00968420475635838,32,0,Q3
5893,0.00968420475635838,15,0,Q3
5894,0.00968420475635838,25,0,Q3
5895,0.00968420475635838,17,0,Q3
5896,0.00968420475635838,35,0,Q3
5897,0.00968420475635838,21,0,Q3
5898,0.00968420475635838,14,0,Q3
5900,0.00968420475635838,7,0,Q3
5901,0.00968420475635838,11,0,Q3
5902,0.00968420475635838,15,0,Q3
5903,0.00968420475635838,11,0,Q3
5904,0.00968420475635838,14,0,Q3
5905,0.00968420475635838,27,0,Q3
5907,0.00968420475635838,11,0,Q3
5908,0.00968420475635838,16,0,Q3
5909,0.00968420475635838,28,0,Q3
5910,0.00968420475635838,15,0,Q3
5911,0.00968420475635838,18,0,Q3
5912,0.00968420475635838,24,0,Q3
5914,0.00968420475635838,17,0,Q3
5915,0.00968420475635838,22,0,Q3
5916,0.00968420475635838,18,0,Q3
5917,0.00968420475635838,9,0,Q3
5918,0.00968420475635838,7,0,Q3
5919,0.00968420475635838,14,0,Q3
5921,0.00968420475635838,24,0,Q3
5922,0.00968420475635838,10,0,Q3
5923,0.00968420475635838,5,0,Q3
5924,0.00968420475635838,16,0,Q3
5925,0.00968420475635838,17,0,Q3
5926,0.00968420475635838,11,0,Q3
5928,0.00968420475635838,15,0,Q3
5929,0.00968420475635838,9,0,Q3
5930,0.00968420475635838,25,0,Q3
5931,0.00968420475635838,13,0,Q3
5932,0.00968420475635838,11,0,Q3
5933,0.00968420475635838,21,0,Q3
5935,0.00968420475635838,14,0,Q3
5936,0.00968420475635838,13,0,Q3
5937,0.00968420475635838,29,0,Q3
5938,0.00968420475635838,10,0,Q3
5939,0.00968420475635838,6,0,Q3
5942,0.00968420475635838,20,0,Q3
5943,0.00968420475635838,13,0,Q3
5944,0.00968420475635838,20,0,Q3
5945,0.00968420475635838,21,0,Q3
5946,0.00968420475635838,4,0,Q3
5947,0.00968420475635838,11,0,Q3
5949,0.00968420475635838,6,0,Q3
5950,0.00968420475635838,17,0,Q3
5951,0.00968420475635838,6,0,Q3
5952,0.00968420475635838,21,0,Q3
5953,0.00968420475635838,15,0,Q3
5954,0.00968420475635838,18,0,Q3
5956,0.00968420475635838,22,0,Q3
5957,0.00968420475635838,10,0,Q3
5958,0.00968420475635838,13,0,Q3
5959,0.00968420475635838,17,0,Q3
5960,0.00968420475635838,15,0,Q3
5963,0.00968420475635838,20,0,Q3
5964,0.00968420475635838,16,0,Q3
5965,0.00968420475635838,15,0,Q3
5966,0.00968420475635838,16,0,Q3
5967,0.00968420475635838,16,0,Q3
5968,0.00968420475635838,13,0,Q3
5970,0.00968420475635838,12,0,Q3
5971,0.00968420475635838,9,0,Q3
5972,0.00968420475635838,5,0,Q3
5973,0.00968420475635838,14,0,Q3
5974,0.00968420475635838,8,0,Q3
5975,0.00968420475635838,6,0,Q3
5977,0.00968420475635838,1,0,Q3
5978,0.00968420475635838,4,0,Q3
5979,0.00968420475635838,3,0,Q3
5980,0.00968420475635838,2,0,Q3
5981,0.00968420475635838,4,0,Q3
5982,0.00968420475635838,2,0,Q3
